record_no,Name,Type,PostalCode,Address,location
0,NEA Producer Responsibility Scheme - ALBA E-waste Recycling Programme,"['ICT equipment', ' Batteries and Lamps']",608549,"50 JURONG GATEWAY ROAD, JEM, #04-30","{'lat': 1.33320021038331, 'lng': 103.743170436292}"
1,NEA Producer Responsibility Scheme - ALBA E-waste Recycling Programme,"['ICT equipment', ' Batteries and Lamps']",529510,4 TAMPINES CENTRAL 5,"{'lat': 1.35267231590699, 'lng': 103.944387987324}"
2,NEA Producer Responsibility Scheme - ALBA E-waste Recycling Programme,"['ICT equipment', ' Batteries and Lamps']",188024,230 VICTORIA STREET,"{'lat': 1.29981638982486, 'lng': 103.855923563242}"
3,NEA Producer Responsibility Scheme - ALBA E-waste Recycling Programme,"['ICT equipment', ' Batteries and Lamps']",608549,"50 JURONG GATEWAY RD, JEM, #B1-21/22 & #B3-01","{'lat': 1.33320021038331, 'lng': 103.743170436292}"
4,NEA Producer Responsibility Scheme - ALBA E-waste Recycling Programme,"['ICT equipment', ' Batteries and Lamps']",609601,2 JURONG EAST STREET 21,"{'lat': 1.3348984371747599, 'lng': 103.7467344968}"
5,NEA Producer Responsibility Scheme - ALBA E-waste Recycling Programme,"['ICT equipment', ' Batteries and Lamps']",609731,2 JURONG EAST CENTRAL 1,"{'lat': 1.33333039944934, 'lng': 103.740167234363}"
6,NEA Producer Responsibility Scheme - ALBA E-waste Recycling Programme,"['ICT equipment', ' Batteries and Lamps']",640602,602 JURONG WEST ST 65,"{'lat': 1.33925339612415, 'lng': 103.700219203285}"
7,NEA Producer Responsibility Scheme - ALBA E-waste Recycling Programme,"['ICT equipment', ' Batteries and Lamps']",689812,"21 CHOA CHU KANG AVE 4, WALKWAY BESIDE MCDONALD\'S","{'lat': 1.3850683566756299, 'lng': 103.744950384161}"
8,NEA Producer Responsibility Scheme - ALBA E-waste Recycling Programme,"['ICT equipment', ' Batteries and Lamps']",89774,101 CANTONMENT ROAD,"{'lat': 1.27616698002633, 'lng': 103.841584210034}"
9,NEA Producer Responsibility Scheme - ALBA E-waste Recycling Programme,"['ICT equipment', ' Batteries and Lamps']",98633,1 HARBOURFRONT PLACE,"{'lat': 1.2649975881514601, 'lng': 103.81902706845}"
10,NEA Producer Responsibility Scheme - ALBA E-waste Recycling Programme,"['ICT equipment', ' Batteries and Lamps']",99253,1 MARITIME SQUARE,"{'lat': 1.26206336420704, 'lng': 103.818732565555}"
11,NEA Producer Responsibility Scheme - ALBA E-waste Recycling Programme,"['ICT equipment', ' Batteries and Lamps']",168730,298 TIONG BAHRU ROAD,"{'lat': 1.28630852981463, 'lng': 103.828004847991}"
12,NEA Producer Responsibility Scheme - ALBA E-waste Recycling Programme,"['ICT equipment', ' Batteries and Lamps']",319194,93 TOA PAYOH CENTRAL,"{'lat': 1.3349345170945601, 'lng': 103.850204545922}"
13,NEA Producer Responsibility Scheme - ALBA E-waste Recycling Programme,"['ICT equipment', ' Batteries and Lamps']",319258,1999 LORONG 8 TOA PAYOH,"{'lat': 1.33489037046643, 'lng': 103.859378979813}"
14,NEA Producer Responsibility Scheme - ALBA E-waste Recycling Programme,"['ICT equipment', ' Batteries and Lamps']",319380,160 LORONG 6 TOA PAYOH,"{'lat': 1.33627489206396, 'lng': 103.85470024903}"
15,NEA Producer Responsibility Scheme - ALBA E-waste Recycling Programme,"['ICT equipment', ' Batteries and Lamps']",538776,51 HOUGANG AVENUE 9,"{'lat': 1.37514897825787, 'lng': 103.882894179307}"
16,NEA Producer Responsibility Scheme - ALBA E-waste Recycling Programme,"['ICT equipment', ' Batteries and Lamps']",538840,35 HOUGANG AVENUE 3,"{'lat': 1.36475743233025, 'lng': 103.892622240184}"
17,NEA Producer Responsibility Scheme - ALBA E-waste Recycling Programme,"['ICT equipment', ' Batteries and Lamps']",569933,"ANG MO KIO AVENUE 3, ANG MOH KIO HUB, #B1-58","{'lat': 1.3692489128202001, 'lng': 103.848399227484}"
18,NEA Producer Responsibility Scheme - ALBA E-waste Recycling Programme,"['ICT equipment', ' Batteries and Lamps']",575738,SIN MING AVE,"{'lat': 1.36213756796576, 'lng': 103.8412861742}"
19,NEA Producer Responsibility Scheme - ALBA E-waste Recycling Programme,"['ICT equipment', ' Batteries and Lamps']",738099,1 WOODLANDS SQUARE,"{'lat': 1.43600784517148, 'lng': 103.785688739235}"
20,NEA Producer Responsibility Scheme - ALBA E-waste Recycling Programme,"['ICT equipment', ' Batteries and Lamps']",449269,"80 MARINE PARADE ROAD, PARKWAY PARADE, #3-29","{'lat': 1.30119130748691, 'lng': 103.905113592255}"
21,NEA Producer Responsibility Scheme - ALBA E-waste Recycling Programme,"['ICT equipment', ' Batteries and Lamps']",310192,192 TOA PAYOH LORONG 4,"{'lat': 1.33166814039843, 'lng': 103.850487239152}"
22,NEA Producer Responsibility Scheme - ALBA E-waste Recycling Programme,"['ICT equipment', ' Batteries and Lamps']",561710,710A ANG MO KIO AVE 8,"{'lat': 1.37060311973576, 'lng': 103.847944283348}"
23,NEA Producer Responsibility Scheme - ALBA E-waste Recycling Programme,"['ICT equipment', ' Batteries and Lamps']",609601,"2 JURONG EAST STREET 21, IMM, #2-23","{'lat': 1.3348984371747599, 'lng': 103.7467344968}"
24,NEA Producer Responsibility Scheme - ALBA E-waste Recycling Programme,"['ICT equipment', ' Batteries and Lamps']",98585,"1 HARBOURFRONT WALK, VIVOCITY, #2-34","{'lat': 1.2638958023183, 'lng': 103.821589254908}"
25,NEA Producer Responsibility Scheme - ALBA E-waste Recycling Programme,"['ICT equipment', ' Batteries and Lamps']",528833,"3 SIMEI STREET 6, EASTPOINT MALL, #04-07","{'lat': 1.34270618643901, 'lng': 103.953024503826}"
26,NEA Producer Responsibility Scheme - ALBA E-waste Recycling Programme,['Batteries and Lamps'],528765,"21 TAMPINES NORTH DRIVE 2, GIANT HYPERMART TAMPINES, #03-01","{'lat': 1.37210169627783, 'lng': 103.931999887749}"
27,NEA Producer Responsibility Scheme - ALBA E-waste Recycling Programme,"['ICT equipment', ' Batteries and Lamps']",467351,"799 NEW UPPER CHANGI ROAD, BEDOK POINT, #B1-01/02, #B-16/2 AND #B1-K1/K14","{'lat': 1.32496142341112, 'lng': 103.932360135904}"
28,NEA Producer Responsibility Scheme - ALBA E-waste Recycling Programme,"['ICT equipment', ' Batteries and Lamps']",677743,"1 JELEBU ROAD, BUKIT PANJANG PLAZA, #03-06","{'lat': 1.38051732815914, 'lng': 103.763961852618}"
29,NEA Producer Responsibility Scheme - ALBA E-waste Recycling Programme,"['ICT equipment', ' Batteries and Lamps']",569663,"5 ANG MO KIO CENTRAL 3, DJITSUN MALL, #2-1","{'lat': 1.37285425440227, 'lng': 103.847607917674}"
30,NEA Producer Responsibility Scheme - ALBA E-waste Recycling Programme,"['ICT equipment', ' Batteries and Lamps']",39596,"9 RAFFLES BOULEVARD, MILLENIA WALK, #02-27","{'lat': 1.29296503959681, 'lng': 103.85934397868}"
31,NEA Producer Responsibility Scheme - ALBA E-waste Recycling Programme,['Batteries and Lamps'],689578,"21 CHOA CHU KANG NORTH 6, YEW TEE POINT, #B1-01","{'lat': 1.39730190406931, 'lng': 103.746558072887}"
32,NEA Producer Responsibility Scheme - ALBA E-waste Recycling Programme,['Batteries and Lamps'],600135,"BLK 135 JURONG GATEWAY RD, #01-337","{'lat': 1.3337534319903601, 'lng': 103.739371389964}"
33,NEA Producer Responsibility Scheme - ALBA E-waste Recycling Programme,['Batteries and Lamps'],659003,"2 BUKIT BATOK WEST AVE 7, HOMETEAM NS BUKIT BATOK CLUBHOUSE, #01-10","{'lat': 1.36650698454332, 'lng': 103.746847120427}"
34,NEA Producer Responsibility Scheme - ALBA E-waste Recycling Programme,"['ICT equipment', ' Batteries and Lamps']",658713,"1 BUKIT BATOK CENTRAL LINK, WEST MALL, #03-06 TO 09","{'lat': 1.35018915982967, 'lng': 103.749021980031}"
35,NEA Producer Responsibility Scheme - ALBA E-waste Recycling Programme,"['ICT equipment', ' Batteries and Lamps']",608532,"3 GATEWAY DRIVE, WESTGATE, #B1-32","{'lat': 1.33402528745454, 'lng': 103.742586017746}"
36,NEA Producer Responsibility Scheme - ALBA E-waste Recycling Programme,"['ICT equipment', ' Batteries and Lamps']",397693,"5 STADIUM WALK, KALLANG LEISURE PARK, #01-46-50","{'lat': 1.30222177114752, 'lng': 103.876152670397}"
37,NEA Producer Responsibility Scheme - ALBA E-waste Recycling Programme,"['ICT equipment', ' Batteries and Lamps']",159465,4000 JALAN BUKIT MERAH,"{'lat': 1.28525426592061, 'lng': 103.815828543116}"
38,NEA Producer Responsibility Scheme - ALBA E-waste Recycling Programme,"['ICT equipment', ' Batteries and Lamps']",678295,8 PENDING ROAD,"{'lat': 1.37645074924612, 'lng': 103.77055880601}"
39,NEA Producer Responsibility Scheme - ALBA E-waste Recycling Programme,"['ICT equipment', ' Batteries and Lamps']",129880,220 CLEMENTI AVENUE 4,"{'lat': 1.31881518814763, 'lng': 103.768153686645}"
40,NEA Producer Responsibility Scheme - ALBA E-waste Recycling Programme,"['ICT equipment', ' Batteries and Lamps']",279621,170 GHIM MOH ROAD,"{'lat': 1.31200940949362, 'lng': 103.789211186001}"
41,NEA Producer Responsibility Scheme - ALBA E-waste Recycling Programme,"['ICT equipment', ' Batteries and Lamps']",129605,2 CLEMENTI WEST STREET 2,"{'lat': 1.30264555979077, 'lng': 103.764832077473}"
42,NEA Producer Responsibility Scheme - ALBA E-waste Recycling Programme,"['ICT equipment', ' Batteries and Lamps']",609958,90 BOON LAY WAY,"{'lat': 1.33997285278881, 'lng': 103.737065915264}"
43,NEA Producer Responsibility Scheme - ALBA E-waste Recycling Programme,"['ICT equipment', ' Batteries and Lamps']",117438,"10 PASIR PANJANG ROAD, CLUNY COURT","{'lat': 1.27494101471276, 'lng': 103.798931949053}"
44,NEA Producer Responsibility Scheme - ALBA E-waste Recycling Programme,"['ICT equipment', ' Batteries and Lamps']",408528,1 ENGKU AMAN TURN,"{'lat': 1.3164501683615, 'lng': 103.89659695323}"
45,NEA Producer Responsibility Scheme - ALBA E-waste Recycling Programme,"['ICT equipment', ' Batteries and Lamps']",529889,"2 SIMEI STREET 3, ADMIRALTY PLACE","{'lat': 1.3406847397366701, 'lng': 103.949294393687}"
46,NEA Producer Responsibility Scheme - ALBA E-waste Recycling Programme,"['ICT equipment', ' Batteries and Lamps']",199581,"385 BEACH ROAD, KAMPONG GLAM CC","{'lat': 1.30279521839327, 'lng': 103.863597858268}"
47,NEA Producer Responsibility Scheme - ALBA E-waste Recycling Programme,"['ICT equipment', ' Batteries and Lamps']",260004,"4 QUEENâ€™S ROAD, FARRER GARDENS RC","{'lat': 1.31883225067726, 'lng': 103.808061968709}"
48,NEA Producer Responsibility Scheme - ALBA E-waste Recycling Programme,"['ICT equipment', ' Batteries and Lamps']",530116,"116 HOUGANG AVENUE 1, PAYA LEBAR ZONE 5 RC, #01-1206","{'lat': 1.35313871558187, 'lng': 103.887727364285}"
49,NEA Producer Responsibility Scheme - ALBA E-waste Recycling Programme,"['ICT equipment', ' Batteries and Lamps']",641653,"653A JURONG WEST ST 61, PIONEER ZONE 12 RN, #01-422","{'lat': 1.33689136709064, 'lng': 103.696638818729}"
50,NEA Producer Responsibility Scheme - ALBA E-waste Recycling Programme,"['ICT equipment', ' Batteries and Lamps']",689286,"20 CHOA CHU KANG STREET 52, YEW TEE CC","{'lat': 1.39491758447052, 'lng': 103.744727853367}"
51,NEA Producer Responsibility Scheme - ALBA E-waste Recycling Programme,"['ICT equipment', ' Batteries and Lamps']",730353,"353 WOODLANDS AVENUE 1, WOODGROVE CC","{'lat': 1.43177102177052, 'lng': 103.785006866148}"
52,NEA Producer Responsibility Scheme - ALBA E-waste Recycling Programme,['Batteries and Lamps'],738623,"BLK 4 WOODLANDS STREET 12, #02-61","{'lat': 1.43351252898231, 'lng': 103.779746868505}"
53,NEA Producer Responsibility Scheme - ALBA E-waste Recycling Programme,"['ICT equipment', ' Batteries and Lamps']",142057,"57 DAWSON RD, DAWSON PLACE","{'lat': 1.2927033928985, 'lng': 103.81095896399}"
54,NEA Producer Responsibility Scheme - ALBA E-waste Recycling Programme,"['ICT equipment', ' Batteries and Lamps']",160054,"54 CHIN SWEE ROAD HDB-CENTRAL AREA, 54 CHIN SWEE RD","{'lat': 1.28738855750969, 'lng': 103.841152117124}"
55,NEA Producer Responsibility Scheme - ALBA E-waste Recycling Programme,"['ICT equipment', ' Batteries and Lamps']",200808,"809 FRENCH ROAD, KITCHENER COMPLEX","{'lat': 1.3088060928865901, 'lng': 103.861311962893}"
56,NEA Producer Responsibility Scheme - ALBA E-waste Recycling Programme,"['ICT equipment', ' Batteries and Lamps']",307683,"238 THOMSON ROAD, NOVENA SQUARE","{'lat': 1.32021099973819, 'lng': 103.843656770909}"
57,NEA Producer Responsibility Scheme - ALBA E-waste Recycling Programme,"['ICT equipment', ' Batteries and Lamps']",310480,"6 LORONG TOA PAYOH, HDB HUB","{'lat': 1.33214111914629, 'lng': 103.848326054144}"
58,NEA Producer Responsibility Scheme - ALBA E-waste Recycling Programme,"['ICT equipment', ' Batteries and Lamps']",330070,"70 GEYLANG BAHRU, 70 GEYLANG BAHRU","{'lat': 1.32188556778471, 'lng': 103.870318570635}"
59,NEA Producer Responsibility Scheme - ALBA E-waste Recycling Programme,"['ICT equipment', ' Batteries and Lamps']",350121,"121 POTONG PASIR AVENUE, HDB-POTONG PASIR","{'lat': 1.33576029121741, 'lng': 103.865597002044}"
60,NEA Producer Responsibility Scheme - ALBA E-waste Recycling Programme,"['ICT equipment', ' Batteries and Lamps']",409051,"60 PAYA LEBAR RD, PAYA LEBAR SQUARE","{'lat': 1.3186757503745001, 'lng': 103.892550607124}"
61,NEA Producer Responsibility Scheme - ALBA E-waste Recycling Programme,"['ICT equipment', ' Batteries and Lamps']",510258,"259 PASIR RIS STREET 21, LOYANG POINT","{'lat': 1.36700053783377, 'lng': 103.964617781926}"
62,NEA Producer Responsibility Scheme - ALBA E-waste Recycling Programme,"['ICT equipment', ' Batteries and Lamps']",510623,"623 ELIAS ROAD, ELIAS MALL","{'lat': 1.37790945286479, 'lng': 103.942281486106}"
63,NEA Producer Responsibility Scheme - ALBA E-waste Recycling Programme,"['ICT equipment', ' Batteries and Lamps']",510735,"735 PASIR RIS STREET 72, PASIR RIS WEST PLAZA","{'lat': 1.37930651729418, 'lng': 103.936272108833}"
64,NEA Producer Responsibility Scheme - ALBA E-waste Recycling Programme,"['ICT equipment', ' Batteries and Lamps']",540118,"118 RIVERVALE DRIVE, RIVERVALE PLAZA","{'lat': 1.38493202032929, 'lng': 103.901558027564}"
65,NEA Producer Responsibility Scheme - ALBA E-waste Recycling Programme,"['ICT equipment', ' Batteries and Lamps']",588996,"1 JALAN ANAK BUKIT BUKIT TIMAH PLAZA, BUKIT TIMAH PLAZA","{'lat': 1.33865676913061, 'lng': 103.778560470199}"
66,NEA Producer Responsibility Scheme - ALBA E-waste Recycling Programme,"['ICT equipment', ' Batteries and Lamps']",610399,"399 YUNG SHENG ROAD, TAMAN JURONG SHOPPING CENTRE","{'lat': 1.3350420214079999, 'lng': 103.720268024233}"
67,NEA Producer Responsibility Scheme - ALBA E-waste Recycling Programme,"['ICT equipment', ' Batteries and Lamps']",640638,"638 JURONG WEST STREET 61, PIONEER MALL","{'lat': 1.3415910797964599, 'lng': 103.69702008582}"
68,NEA Producer Responsibility Scheme - ALBA E-waste Recycling Programme,"['ICT equipment', ' Batteries and Lamps']",640762,"762 JURONG WEST STREET 75, GEK POH SHOPPING CENTRE","{'lat': 1.34874357157007, 'lng': 103.697732094253}"
69,NEA Producer Responsibility Scheme - ALBA E-waste Recycling Programme,"['ICT equipment', ' Batteries and Lamps']",670445,"445 FARJAR ROAD, FAJAR SHOPPING CENTRE","{'lat': 1.38358044141429, 'lng': 103.770768312339}"
70,NEA Producer Responsibility Scheme - ALBA E-waste Recycling Programme,"['ICT equipment', ' Batteries and Lamps']",671524,"524A JELAPANG ROAD, GREENRIDGE SHOPPING CENTRE","{'lat': 1.38529556520099, 'lng': 103.766170532015}"
71,NEA Producer Responsibility Scheme - ALBA E-waste Recycling Programme,"['ICT equipment', ' Batteries and Lamps']",680622,"624 CHOA CHU KANG STREET 62, YEW TEE SQUARE","{'lat': 1.3982771941104999, 'lng': 103.747182456762}"
72,NEA Producer Responsibility Scheme - ALBA E-waste Recycling Programme,"['ICT equipment', ' Batteries and Lamps']",730768,"768 WOODLANDS AVENUE 6, WOODLANDS MART","{'lat': 1.44575077511561, 'lng': 103.798119771491}"
73,NEA Producer Responsibility Scheme - ALBA E-waste Recycling Programme,"['ICT equipment', ' Batteries and Lamps']",730888,"888 WOODLANDS DRIVE 50, 888 PLAZA","{'lat': 1.43767919710846, 'lng': 103.795136736247}"
74,NEA Producer Responsibility Scheme - ALBA E-waste Recycling Programme,"['ICT equipment', ' Batteries and Lamps']",750511,"511 CANBERRA ROAD, SEMBAWANG MART","{'lat': 1.45384518348657, 'lng': 103.819543348907}"
75,NEA Producer Responsibility Scheme - ALBA E-waste Recycling Programme,"['ICT equipment', ' Batteries and Lamps']",409057,"10 PAYA LEBAR ROAD, PAYA LEBAR QUARTER (PLQ)","{'lat': 1.31752384126856, 'lng': 103.892724434212}"
76,NEA Producer Responsibility Scheme - ALBA E-waste Recycling Programme,"['ICT equipment', ' Batteries and Lamps']",540110,"110 RIVERVALE WALK, RIVERVALE COURT RC","{'lat': 1.38349233371644, 'lng': 103.900312365788}"
77,NEA Producer Responsibility Scheme - ALBA E-waste Recycling Programme,"['ICT equipment', ' Batteries and Lamps']",540135,"135 RIVERVALE STREET, RIVERVALE SPRING RC, #01-730","{'lat': 1.3881410502384601, 'lng': 103.905022045791}"
78,NEA Producer Responsibility Scheme - ALBA E-waste Recycling Programme,"['ICT equipment', ' Batteries and Lamps']",542188,"188B RIVERVALE DRIVE, RIVERVALE VISTA RC, 01-1076","{'lat': 1.3945406776673899, 'lng': 103.905458978888}"
79,NEA Producer Responsibility Scheme - ALBA E-waste Recycling Programme,"['ICT equipment', ' Batteries and Lamps']",542201,"201B COMPASSVALE DRIVE, COMPASSVALE SOUTHGATE RC, #01-545","{'lat': 1.38831310758384, 'lng': 103.893923648496}"
80,NEA Producer Responsibility Scheme - ALBA E-waste Recycling Programme,"['ICT equipment', ' Batteries and Lamps']",543180,"180C RIVERVALE CRESCENT, RIVERVALE ARC RC, #01-367","{'lat': 1.38949149935928, 'lng': 103.909660431254}"
81,NEA Producer Responsibility Scheme - ALBA E-waste Recycling Programme,"['ICT equipment', ' Batteries and Lamps']",543206,"206C COMPASSVALE LANE, COMPASSVALE VILLA RC","{'lat': 1.38681828916719, 'lng': 103.8975474119}"
82,NEA Producer Responsibility Scheme - ALBA E-waste Recycling Programme,"['ICT equipment', ' Batteries and Lamps']",544965,"59 ANCHORVALE ROAD, ANCHORVALE COMMUNITY CLUB","{'lat': 1.39712791773438, 'lng': 103.886665684716}"
83,NEA Producer Responsibility Scheme - ALBA E-waste Recycling Programme,"['ICT equipment', ' Batteries and Lamps']",820602,"602 PUNGGOL CENTRAL, PUNGGOL VISTA CC","{'lat': 1.40328429076968, 'lng': 103.907288602075}"
84,NEA Producer Responsibility Scheme - ALBA E-waste Recycling Programme,"['ICT equipment', ' Batteries and Lamps']",821175,"176C EDGEFIELD PLAINS, PUNGGOL OASIS RC, #01-569","{'lat': 1.39740420680146, 'lng': 103.908973751235}"
85,NEA Producer Responsibility Scheme - ALBA E-waste Recycling Programme,"['ICT equipment', ' Batteries and Lamps']",821204,"204A  204A PUNGGOL FIELD, PUNGGOL CLOVER RN, #01-288","{'lat': 1.39877826808137, 'lng': 103.902910898023}"
86,NEA Producer Responsibility Scheme - ALBA E-waste Recycling Programme,"['ICT equipment', ' Batteries and Lamps']",823259,"259C PUNGGOL FIELD, PUNGGOL WEST CC","{'lat': 1.40451590068484, 'lng': 103.89566486383}"
87,NEA Producer Responsibility Scheme - ALBA E-waste Recycling Programme,"['ICT equipment', ' Batteries and Lamps']",824268,"268D PUNGGOL FIELD, PUNGGOL SAPPHIRALD RN, #01-173","{'lat': 1.40331377225975, 'lng': 103.898358930385}"
88,NEA Producer Responsibility Scheme - ALBA E-waste Recycling Programme,"['ICT equipment', ' Batteries and Lamps']",530991,"991 BUANGKOK LINK, LEVEL 1","{'lat': 1.3843342640345, 'lng': 103.881623077407}"
89,NEA Producer Responsibility Scheme - ALBA E-waste Recycling Programme,"['ICT equipment', ' Batteries and Lamps']",642648,"1 JURONG WEST ST 71, SECURITY GUARD POST","{'lat': 1.33838768620432, 'lng': 103.698192624513}"
90,NEA Producer Responsibility Scheme - ALBA E-waste Recycling Programme,"['ICT equipment', ' Batteries and Lamps']",730548,"548 WOODLANDS DRIVE 44, LEVEL 1","{'lat': 1.4308400663362901, 'lng': 103.793416336246}"
91,NEA Producer Responsibility Scheme - ALBA E-waste Recycling Programme,"['ICT equipment', ' Batteries and Lamps']",750133,"133 CANBERRA VIEW, LEVEL 1","{'lat': 1.44349544002733, 'lng': 103.830345370073}"
92,NEA Producer Responsibility Scheme - ALBA E-waste Recycling Programme,"['ICT equipment', ' Batteries and Lamps']",119614,"30 HENG MUI KENG TERRACE, LEVEL 1","{'lat': 1.29125963881342, 'lng': 103.776679540457}"
93,NEA Producer Responsibility Scheme - ALBA E-waste Recycling Programme,"['ICT equipment', ' Batteries and Lamps']",409286,"810 GEYLANG RD, LEVEL 1","{'lat': 1.31495729637934, 'lng': 103.893400329176}"
94,NEA Producer Responsibility Scheme - ALBA E-waste Recycling Programme,"['ICT equipment', ' Batteries and Lamps']",531477,"477A UPPER SERANGOON VIEW, LEVEL 1","{'lat': 1.37830875828283, 'lng': 103.903841964129}"
95,NEA Producer Responsibility Scheme - ALBA E-waste Recycling Programme,"['ICT equipment', ' Batteries and Lamps']",560260,"260 ANG MO KIO STREET 21, #01-06","{'lat': 1.36891616406036, 'lng': 103.834499527161}"
96,NEA Producer Responsibility Scheme - ALBA E-waste Recycling Programme,"['ICT equipment', ' Batteries and Lamps']",823312,"312B SUMANG LINK, #01-171","{'lat': 1.41090728243885, 'lng': 103.901186083679}"
97,NEA Producer Responsibility Scheme - ALBA E-waste Recycling Programme,"['ICT equipment', ' Batteries and Lamps']",179103,252 NORTH BRIDGE RD,"{'lat': 1.29376027875418, 'lng': 103.852768332387}"
98,NEA Producer Responsibility Scheme - ALBA E-waste Recycling Programme,"['ICT equipment', ' Batteries and Lamps']",769098,"930 YISHUN AVE 2, #03-90/10","{'lat': 1.42969847969486, 'lng': 103.835776496688}"
99,NEA Producer Responsibility Scheme - ALBA E-waste Recycling Programme,"['ICT equipment', ' Batteries and Lamps']",179103,"252 NORTH BRIDGE RD, #03-22/23","{'lat': 1.29376027875418, 'lng': 103.852768332387}"
100,NEA Producer Responsibility Scheme - ALBA E-waste Recycling Programme,['Batteries and Lamps'],82001,"TANJONG PAGAR PLAZA, #01-01","{'lat': 1.27559619005356, 'lng': 103.842393168675}"
101,NEA Producer Responsibility Scheme - ALBA E-waste Recycling Programme,['Batteries and Lamps'],150166,"166 BUKIT MERAH CENTRAL, #01-3531 & 02-3531","{'lat': 1.28311949644729, 'lng': 103.817642874205}"
102,NEA Producer Responsibility Scheme - ALBA E-waste Recycling Programme,['Batteries and Lamps'],142057,"BLK 57 DAWSON RD, DAWSON PLACE, #01-07","{'lat': 1.2927033928985, 'lng': 103.81095896399}"
103,NEA Producer Responsibility Scheme - ALBA E-waste Recycling Programme,['Batteries and Lamps'],160050,"BLK 50 HAVELOCK RD, BLK 50 HAVELOCK RD, #01-755","{'lat': 1.2897781328001, 'lng': 103.82679375163}"
104,NEA Producer Responsibility Scheme - ALBA E-waste Recycling Programme,['Batteries and Lamps'],119963,"460 ALEXANDRA RD, 460 ALEXANDRA RD, #01-09 AND #01-16","{'lat': 1.27367657754603, 'lng': 103.801126950046}"
105,NEA Producer Responsibility Scheme - ALBA E-waste Recycling Programme,['Batteries and Lamps'],119082,"1 LOWER KENT RIDGE RD, NUH MEDICAL CENTRE, #02-16","{'lat': 1.2927743133923, 'lng': 103.784084015695}"
106,NEA Producer Responsibility Scheme - ALBA E-waste Recycling Programme,"['ICT equipment', ' Batteries and Lamps']",828815,"80 PUNGGOL FIELD, PUNGGOL 21 CC","{'lat': 1.39360624159956, 'lng': 103.913464113125}"
107,NEA Producer Responsibility Scheme - ALBA E-waste Recycling Programme,['Batteries and Lamps'],247933,"163 TANGLIN ROAD, TANGLIN MALL, #B1-01","{'lat': 1.30484343221316, 'lng': 103.823852800985}"
108,NEA Producer Responsibility Scheme - ALBA E-waste Recycling Programme,['Manned collection; E-waste accepted: ICT equipment and Batteries'],238895,"313 ORCHARD ROAD, 313 SOMERSET, #02-28","{'lat': 1.30138509490103, 'lng': 103.837684358423}"
109,NEA Producer Responsibility Scheme - ALBA E-waste Recycling Programme,['Manned collection; E-waste accepted: ICT equipment and Batteries'],238877,"435 ORCHARD ROAD, WISMA ATRIA, #03-01","{'lat': 1.30369890150462, 'lng': 103.833189600965}"
110,NEA Producer Responsibility Scheme - ALBA E-waste Recycling Programme,['Manned collection; E-waste accepted: ICT equipment and Batteries'],556083,"23 SERANGOON CENTRAL, NEX, #03-21","{'lat': 1.3504381717743201, 'lng': 103.87170454945}"
111,NEA Producer Responsibility Scheme - ALBA E-waste Recycling Programme,['Manned collection; E-waste accepted: ICT equipment and Batteries'],238839,"68 ORCHARD ROAD, STAHUB @ PLAZA SING, #1-36","{'lat': 1.30074770847155, 'lng': 103.845047580881}"
112,NEA Producer Responsibility Scheme - ALBA E-waste Recycling Programme,['Manned collection; E-waste accepted: ICT equipment and Batteries'],529510,"4 TAMPINES CENTRAL 5, STARHUB @ TAMPINES, #2-27","{'lat': 1.35267231590699, 'lng': 103.944387987324}"
113,NEA Producer Responsibility Scheme - ALBA E-waste Recycling Programme,['Manned collection; E-waste accepted: ICT equipment and Batteries'],556083,"23 SERANGOON CENTRAL, NEX, #B1-56","{'lat': 1.3504381717743201, 'lng': 103.87170454945}"
114,NEA Producer Responsibility Scheme - ALBA E-waste Recycling Programme,['Manned collection; E-waste accepted: ICT equipment and Batteries'],609601,"2 JURONG EAST STREET 21, IMM, #01-53","{'lat': 1.3348984371747599, 'lng': 103.7467344968}"
115,NEA Producer Responsibility Scheme - ALBA E-waste Recycling Programme,['Manned collection; E-waste accepted: ICT equipment and Batteries'],658713,"1 BUKIT BATOK CENTRAL LINK, WEST MALL, #01-16","{'lat': 1.35018915982967, 'lng': 103.749021980031}"
116,NEA Producer Responsibility Scheme - ALBA E-waste Recycling Programme,['Manned collection; E-waste accepted: ICT equipment and Batteries'],48616,"1 RAFFLES PLACE, ONE RAFFLES PLACE, #02-25","{'lat': 1.28433993485695, 'lng': 103.850982351781}"
117,NEA Producer Responsibility Scheme - ALBA E-waste Recycling Programme,['Manned collection; E-waste accepted: ICT equipment and Batteries'],238859,"290 ORCHARD ROAD, THE PARAGON, #04-31","{'lat': 1.30372321372467, 'lng': 103.835240310126}"
118,NEA Producer Responsibility Scheme - ALBA E-waste Recycling Programme,['Manned collection; E-waste accepted: ICT equipment and Batteries'],529510,"4 TAMPINES CENTRAL 5, TAMPINES MALL, #03-01","{'lat': 1.35267231590699, 'lng': 103.944387987324}"
119,NEA Producer Responsibility Scheme - ALBA E-waste Recycling Programme,['Manned collection; E-waste accepted: ICT equipment and Batteries'],738099,"1 WOODLANDS SQUARE, CAUSEWAY POINT, #03-01","{'lat': 1.43600784517148, 'lng': 103.785688739235}"
120,NEA Producer Responsibility Scheme - ALBA E-waste Recycling Programme,['Manned collection; E-waste accepted: ICT equipment and Batteries'],188966,"80 MIDDLE ROAD, BUGIS JUNCTION, #01-81","{'lat': 1.29846962637, 'lng': 103.854867046362}"
121,NEA Producer Responsibility Scheme - ALBA E-waste Recycling Programme,['Manned collection; E-waste accepted: ICT equipment and Batteries'],449269,"80 MARINE PARADE ROAD, PARKWAY PARADE, #02-24","{'lat': 1.30119130748691, 'lng': 103.905113592255}"
122,NEA Producer Responsibility Scheme - ALBA E-waste Recycling Programme,"['ICT equipment', ' Batteries and Lamps']",138633,"3 FUSIONOPOLIS WAY, BASEMENT 2 CONNEXIS","{'lat': 1.29901131909216, 'lng': 103.787567251574}"
123,NEA Producer Responsibility Scheme - ALBA E-waste Recycling Programme,"['ICT equipment', ' Batteries and Lamps']",189655,"80 BENCOOLEN STREET, LEVEL 1 WING A","{'lat': 1.29946332963088, 'lng': 103.851185944181}"
124,NEA Producer Responsibility Scheme - ALBA E-waste Recycling Programme,"['ICT equipment', ' Batteries and Lamps']",437440,11 RHU CROSS,"{'lat': 1.29499327834417, 'lng': 103.866775484716}"
125,NEA Producer Responsibility Scheme - ALBA E-waste Recycling Programme,"['ICT equipment', ' Batteries and Lamps']",618662,100 YUAN CHING RD,"{'lat': 1.33935955388184, 'lng': 103.727299471215}"
126,NEA Producer Responsibility Scheme - ALBA E-waste Recycling Programme,"['ICT equipment', ' Batteries and Lamps']",641674,"674A, JURONG WEST STREET 65, #01-66","{'lat': 1.34446132877907, 'lng': 103.702315285031}"
127,NEA Producer Responsibility Scheme - ALBA E-waste Recycling Programme,"['ICT equipment', ' Batteries and Lamps']",640218,218D BOON LAY AVE #01-309,"{'lat': 1.350218607854, 'lng': 103.710255719064}"
128,NEA Producer Responsibility Scheme - ALBA E-waste Recycling Programme,"['ICT equipment', ' Batteries and Lamps']",391005,"5 PINE CLOSE, #01-141","{'lat': 1.30704305553309, 'lng': 103.882688424945}"
129,NEA Producer Responsibility Scheme - ALBA E-waste Recycling Programme,"['ICT equipment', ' Batteries and Lamps']",307987,"55 NEWTON RD, LEVEL 2","{'lat': 1.3194895845632, 'lng': 103.841975318466}"
130,NEA Producer Responsibility Scheme - ALBA E-waste Recycling Programme,"['ICT equipment', ' Batteries and Lamps']",298136,512 THOMSON ROAD MSF BUILDING LOBBY,"{'lat': 1.3336652631755, 'lng': 103.839419161507}"
131,NEA Producer Responsibility Scheme - ALBA E-waste Recycling Programme,"['ICT equipment', ' Batteries and Lamps']",461051,"51 NEW UPPER CHANGI ROAD, #01-1500","{'lat': 1.32342985595863, 'lng': 103.942269412202}"
132,NEA Producer Responsibility Scheme - ALBA E-waste Recycling Programme,"['ICT equipment', ' Batteries and Lamps']",460071,"71 BEDOK SOUTH ROAD, #01-250","{'lat': 1.32041601686604, 'lng': 103.942732315687}"
133,NEA Producer Responsibility Scheme - ALBA E-waste Recycling Programme,"['ICT equipment', ' Batteries and Lamps']",460167,"167 BEDOK SOUTH AVE 3, #01-501","{'lat': 1.3196396832799, 'lng': 103.944965235932}"
134,NEA Producer Responsibility Scheme - ALBA E-waste Recycling Programme,"['ICT equipment', ' Batteries and Lamps']",59413,"133 NEW BRIDGE ROAD, #06-01","{'lat': 1.28499882771298, 'lng': 103.844697085395}"
135,NEA Producer Responsibility Scheme - ALBA E-waste Recycling Programme,"['ICT equipment', ' Batteries and Lamps']",319642,200 LORONG 2 TOA PAYOH,"{'lat': 1.3353827124599, 'lng': 103.844830875826}"
136,NEA Producer Responsibility Scheme - ALBA E-waste Recycling Programme,"['ICT equipment', ' Batteries and Lamps']",521232,"232 TAMPINES STREET 21, #01-639","{'lat': 1.35641019022249, 'lng': 103.948701743616}"
137,NEA Producer Responsibility Scheme - ALBA E-waste Recycling Programme,"['ICT equipment', ' Batteries and Lamps']",128020,"1 WEST COAST DRIVE, #01-111","{'lat': 1.31641320903159, 'lng': 103.757451264505}"
138,NEA Producer Responsibility Scheme - ALBA E-waste Recycling Programme,"['ICT equipment', ' Batteries and Lamps']",408718,3024A UBI RD 1,"{'lat': 1.3298596514524301, 'lng': 103.896058169727}"
139,NEA Producer Responsibility Scheme - ALBA E-waste Recycling Programme,"['ICT equipment', ' Batteries and Lamps']",489978,"BEDOK INDUSTRIAL PARK E, PAVILION","{'lat': 1.33674833674262, 'lng': 103.949900396416}"
140,NEA Producer Responsibility Scheme - ALBA E-waste Recycling Programme,"['ICT equipment', ' Batteries and Lamps']",150166,"166 BUKIT MERAH CENTRAL, #03-3527","{'lat': 1.28311949644729, 'lng': 103.817642874205}"
141,NEA Producer Responsibility Scheme - ALBA E-waste Recycling Programme,"['ICT equipment', ' Batteries and Lamps']",90108,"108 BUKIT PURMEI ROAD, #01-129","{'lat': 1.27337412903551, 'lng': 103.825328122484}"
142,NEA Producer Responsibility Scheme - ALBA E-waste Recycling Programme,"['ICT equipment', ' Batteries and Lamps']",150169,"168 JALAN BUKIT MARAH, SURBANA ONE, LEVEL 1","{'lat': 1.28331721051266, 'lng': 103.818863113389}"
143,NEA Producer Responsibility Scheme - ALBA E-waste Recycling Programme,['Batteries and Lamps'],100108,"BLK 108 DEPOT RD, DEPOT HEIGHTS SHOPPING CENTRE, #01-01","{'lat': 1.28112226404962, 'lng': 103.810031318703}"
144,NEA Producer Responsibility Scheme - ALBA E-waste Recycling Programme,['Batteries and Lamps'],270036,"BLK 36 HOLLAND DR, BLK 36 HOLLAND DR, #01-03/04/05","{'lat': 1.30925871460611, 'lng': 103.792619417011}"
145,NEA Producer Responsibility Scheme - ALBA E-waste Recycling Programme,['Batteries and Lamps'],130028,"BLK 28 DOVER CRESCENT, BLK 28 DOVER CRESCENT, #01-83","{'lat': 1.30476356255085, 'lng': 103.781697209464}"
146,NEA Producer Responsibility Scheme - ALBA E-waste Recycling Programme,['Batteries and Lamps'],120451,"BLK 451 CLEMENTI AVE 3, BLK 451 AVE 3, #01-307","{'lat': 1.3124810823684299, 'lng': 103.765476504358}"
147,NEA Producer Responsibility Scheme - ALBA E-waste Recycling Programme,['Batteries and Lamps'],610399,"BLK 399 YUNG SHENG RD, TAMAN JURONG SHOPPING CENTRE, #01-35","{'lat': 1.3350420214079999, 'lng': 103.720268024233}"
148,NEA Producer Responsibility Scheme - ALBA E-waste Recycling Programme,['Batteries and Lamps'],610063,"BLK 63/66 YUNG KUANG RD, BLK 66 YUNG KANG RD, #01-119 AND #02-119","{'lat': 1.33205938361655, 'lng': 103.722452883915}"
149,NEA Producer Responsibility Scheme - ALBA E-waste Recycling Programme,['Batteries and Lamps'],640221,"BLK 221 BOON LAY PLACE, BOON LAY SHOPPING CENTRE, #02-200","{'lat': 1.34639604067888, 'lng': 103.712387719568}"
150,NEA Producer Responsibility Scheme - ALBA E-waste Recycling Programme,['Batteries and Lamps'],648886,"NO. 1 JURONG WEST CENTRAL 2, JURONG POINT 1, #B1-09","{'lat': 1.3398301525794, 'lng': 103.70646088413}"
151,NEA Producer Responsibility Scheme - ALBA E-waste Recycling Programme,['Batteries and Lamps'],120502,"BLK 502 WEST COAST DR, BLK 502 WEST COAST DR, #01-41","{'lat': 1.3118859555590299, 'lng': 103.759080937631}"
152,NEA Producer Responsibility Scheme - ALBA E-waste Recycling Programme,['Batteries and Lamps'],678278,"17 PETIR RD, HILLION MALL, #B2-67","{'lat': 1.3783497126086601, 'lng': 103.76274117629}"
153,NEA Producer Responsibility Scheme - ALBA E-waste Recycling Programme,['Batteries and Lamps'],689812,"21 CHOA CHU KANG AVE 4, LOT 1 SHOPPERS\' MALL, #B1-03","{'lat': 1.3850683566756299, 'lng': 103.744950384161}"
154,NEA Producer Responsibility Scheme - ALBA E-waste Recycling Programme,"['ICT equipment', ' Batteries and Lamps']",688236,"1 CHOA CHU KANG GROVE, ITE COLLEGE WEST, BLOCK 1, LEVEL 3 FOOD CANOPY","{'lat': 1.37502493396044, 'lng': 103.752112715995}"
155,NEA Producer Responsibility Scheme - ALBA E-waste Recycling Programme,"['ICT equipment', ' Batteries and Lamps']",529510,"4 TAMPINES CENTRAL 5, TAMPINES MALL, #03-16/16A","{'lat': 1.35267231590699, 'lng': 103.944387987324}"
156,NEA Producer Responsibility Scheme - ALBA E-waste Recycling Programme,"['ICT equipment', ' Batteries and Lamps']",521602,"602A TAMPINES AVENUE 9, #01-01","{'lat': 1.36113645470954, 'lng': 103.93742559472}"
157,NEA Producer Responsibility Scheme - ALBA E-waste Recycling Programme,"['ICT equipment', ' Batteries and Lamps']",579837,"9 BISHAN PLACE, JUNCTION 8 SHOPPING CENTRE, #3-2","{'lat': 1.35017242685302, 'lng': 103.848430082687}"
158,NEA Producer Responsibility Scheme - ALBA E-waste Recycling Programme,"['ICT equipment', ' Batteries and Lamps']",117404,"3 HARBOUR DRIVE, PASIR PANJANG TERMINAL BUILDING 3","{'lat': 1.27459998107058, 'lng': 103.790191441877}"
159,NEA Producer Responsibility Scheme - ALBA E-waste Recycling Programme,"['ICT equipment', ' Batteries and Lamps']",486018,"8 CHANGI BUSINESS PARK AVE 1, #01-51 &, #02-51","{'lat': 1.33491977308775, 'lng': 103.963653904182}"
160,NEA Producer Responsibility Scheme - ALBA E-waste Recycling Programme,['Batteries and Lamps'],730573,"BLK 573 WOODLANDS DRIVE 16, #02-01","{'lat': 1.4310980688758899, 'lng': 103.798507625095}"
161,NEA Producer Responsibility Scheme - ALBA E-waste Recycling Programme,['Batteries and Lamps'],730182,"BLK 182 WOODLANDS ST 13, #01-01","{'lat': 1.4351589456523, 'lng': 103.776023346965}"
162,NEA Producer Responsibility Scheme - ALBA E-waste Recycling Programme,['Batteries and Lamps'],270025,"BLK 25 GHIM MOH LINK, #01-11","{'lat': 1.30811885974155, 'lng': 103.786049387238}"
163,NEA Producer Responsibility Scheme - ALBA E-waste Recycling Programme,['Batteries and Lamps'],560122,"BLK 122 ANG MO KIO AVE 3, #01-1753","{'lat': 1.3701885980319801, 'lng': 103.843413235622}"
164,NEA Producer Responsibility Scheme - ALBA E-waste Recycling Programme,['Batteries and Lamps'],560233,"BLK 233 ANG MO KIO AVE 3, #01-1168","{'lat': 1.36754924240467, 'lng': 103.83674063165}"
165,NEA Producer Responsibility Scheme - ALBA E-waste Recycling Programme,['Batteries and Lamps'],120352,"BLK 352 CLEMENTI AVE 2, #01-91","{'lat': 1.31427859810327, 'lng': 103.771350564245}"
166,NEA Producer Responsibility Scheme - ALBA E-waste Recycling Programme,['Batteries and Lamps'],640544,"BLK 544 JURONG WEST ST 42, #01-97","{'lat': 1.3523935789891501, 'lng': 103.715759515182}"
167,NEA Producer Responsibility Scheme - ALBA E-waste Recycling Programme,['Batteries and Lamps'],680018,"BLK 18 TECK WHYE LANE, #01-95","{'lat': 1.37829768231958, 'lng': 103.754071399254}"
168,NEA Producer Responsibility Scheme - ALBA E-waste Recycling Programme,['Batteries and Lamps'],651154,"BLK 154A BUKIT BATOK WEST AVE 8, #01-01","{'lat': 1.34737179771512, 'lng': 103.743698108315}"
169,NEA Producer Responsibility Scheme - ALBA E-waste Recycling Programme,['Batteries and Lamps'],670547,"BLK 547 SEGAR ROAD, #01-06","{'lat': 1.38824020983746, 'lng': 103.769575393265}"
170,NEA Producer Responsibility Scheme - ALBA E-waste Recycling Programme,['Batteries and Lamps'],670446,"BLK 446 FAJAR RD, #01-01","{'lat': 1.38400582300801, 'lng': 103.771029605045}"
171,NEA Producer Responsibility Scheme - ALBA E-waste Recycling Programme,['Batteries and Lamps'],650440,"BLK 440 BUKIT BATOK WEST AVE 8, #01-10","{'lat': 1.3557230796942301, 'lng': 103.739303113535}"
172,NEA Producer Responsibility Scheme - ALBA E-waste Recycling Programme,['Batteries and Lamps'],650292,"BLK 292 BUKIT BATOK EAST AVENUE 6, #01-02","{'lat': 1.34447135579337, 'lng': 103.755394621037}"
173,NEA Producer Responsibility Scheme - ALBA E-waste Recycling Programme,['Batteries and Lamps'],730202,"BLK 202 MARSILING DRIVE, #01-138","{'lat': 1.44315120177467, 'lng': 103.775164786038}"
174,NEA Producer Responsibility Scheme - ALBA E-waste Recycling Programme,['Batteries and Lamps'],677899,"NO.1 WOODLANDS ROADS, #01-07","{'lat': 1.3806051247973201, 'lng': 103.760041590511}"
175,NEA Producer Responsibility Scheme - ALBA E-waste Recycling Programme,['Batteries and Lamps'],574424,"200 UPP THOMSON RD, #B1-01","{'lat': 1.35184498416505, 'lng': 103.83605365678}"
176,NEA Producer Responsibility Scheme - ALBA E-waste Recycling Programme,['Batteries and Lamps'],141085,"BLK 85 DAWSON ROAD, #01-01","{'lat': 1.29531965769669, 'lng': 103.809758599549}"
177,NEA Producer Responsibility Scheme - ALBA E-waste Recycling Programme,['Batteries and Lamps'],121420,"BLK 420A CLEMENTI AVE 1, #01-01","{'lat': 1.30973330594899, 'lng': 103.768637303114}"
178,NEA Producer Responsibility Scheme - ALBA E-waste Recycling Programme,"['ICT equipment', ' Batteries and Lamps']",486038,"5 CHANGI BUSINESS PARK CENTRAL 1, CHANGI CITY POINT, #01-56","{'lat': 1.33432515600981, 'lng': 103.962389303195}"
179,NEA Producer Responsibility Scheme - ALBA E-waste Recycling Programme,"['ICT equipment', ' Batteries and Lamps']",569500,8 ANG MO KIO INDUSTRIAL PARK 2,"{'lat': 1.37189393393221, 'lng': 103.864574202325}"
180,NEA Producer Responsibility Scheme - ALBA E-waste Recycling Programme,"['ICT equipment', ' Batteries and Lamps']",659440,"30 BUKIT BATOK STREET 31, HONG KAH NORTH CC","{'lat': 1.35905888839505, 'lng': 103.749456841487}"
181,NEA Producer Responsibility Scheme - ALBA E-waste Recycling Programme,"['ICT equipment', ' Batteries and Lamps']",678278,"17 PETIR ROAD, HILLION MALL, #B1-65","{'lat': 1.3783497126086601, 'lng': 103.76274117629}"
182,NEA Producer Responsibility Scheme - ALBA E-waste Recycling Programme,"['ICT equipment', ' Batteries and Lamps']",729577,"71 SUNGEI KADUT DRIVE, GAIN CITY MEGASTORE @ SUNGEI KADUT","{'lat': 1.41286385690526, 'lng': 103.74601574229}"
183,NEA Producer Responsibility Scheme - ALBA E-waste Recycling Programme,"['ICT equipment', ' Batteries and Lamps']",828761,"83 PUNGGOL CENTRAL, WATERWAY POINT","{'lat': 1.4065361072059899, 'lng': 103.901988174009}"
184,NEA Producer Responsibility Scheme - ALBA E-waste Recycling Programme,"['ICT equipment', ' Batteries and Lamps']",467360,"311 NEW UPPER CHANGI ROAD, BEDOK MALL, #B1-01/43/44","{'lat': 1.32479360710739, 'lng': 103.929182078245}"
185,NEA Producer Responsibility Scheme - ALBA E-waste Recycling Programme,"['ICT equipment', ' Batteries and Lamps']",528833,"3 SIMEI STREET 6, EASTPOINT MALL, #B1-08","{'lat': 1.34270618643901, 'lng': 103.953024503826}"
186,NEA Producer Responsibility Scheme - ALBA E-waste Recycling Programme,"['ICT equipment', ' Batteries and Lamps']",538692,"1 HOUGANG ST 91, HOUGANG 1, #2-01","{'lat': 1.37584997338503, 'lng': 103.879300024096}"
187,NEA Producer Responsibility Scheme - ALBA E-waste Recycling Programme,"['ICT equipment', ' Batteries and Lamps']",538766,"90 HOUGANG AVENUE 10, HOUGANG MALL, #02-13","{'lat': 1.37231185642959, 'lng': 103.89366161203}"
188,NEA Producer Responsibility Scheme - ALBA E-waste Recycling Programme,"['ICT equipment', ' Batteries and Lamps']",556083,"23 SERANGOON CENTRAL, NEX MALL, #03-42","{'lat': 1.3504381717743201, 'lng': 103.87170454945}"
189,NEA Producer Responsibility Scheme - ALBA E-waste Recycling Programme,"['ICT equipment', ' Batteries and Lamps']",667970,"1 HILLVIEW RISE, HILLVIEW CC","{'lat': 1.3619672440242199, 'lng': 103.764266389757}"
190,NEA Producer Responsibility Scheme - ALBA E-waste Recycling Programme,"['ICT equipment', ' Batteries and Lamps']",397628,"1 STADIUM PLACE LEVEL 1, WAVE MALL, #01-29","{'lat': 1.3038432676468399, 'lng': 103.872750711332}"
191,NEA Producer Responsibility Scheme - ALBA E-waste Recycling Programme,['Batteries and Lamps'],239917,"81 CLEMENCEAU AVENUE, UE SQUARE, #02-15","{'lat': 1.2922595803988899, 'lng': 103.842561025611}"
192,NEA Producer Responsibility Scheme - ALBA E-waste Recycling Programme,['Batteries and Lamps'],307683,"238 THOMSON ROAD, NOVENA SQUARE, #01-28","{'lat': 1.32021099973819, 'lng': 103.843656770909}"
193,NEA Producer Responsibility Scheme - ALBA E-waste Recycling Programme,"['ICT equipment', ' Batteries and Lamps']",238839,"68 ORCHARD ROAD, PLAZA SINGAPURA, #4-12","{'lat': 1.30074770847155, 'lng': 103.845047580881}"
194,NEA Producer Responsibility Scheme - ALBA E-waste Recycling Programme,"['ICT equipment', ' Batteries and Lamps']",757713,"30 SEMBAWANG DRIVE, SUN PLAZA, #2-06","{'lat': 1.44822653184262, 'lng': 103.819462104528}"
195,NEA Producer Responsibility Scheme - ALBA E-waste Recycling Programme,"['ICT equipment', ' Batteries and Lamps']",738099,"1 WOODLANDS SQUARE, CAUSEWAY POINT, #04-19/20","{'lat': 1.43600784517148, 'lng': 103.785688739235}"
196,NEA Producer Responsibility Scheme - ALBA E-waste Recycling Programme,"['ICT equipment', ' Batteries and Lamps']",310460,460 TOA PAYOH LORONG 6,"{'lat': 1.3319945583363, 'lng': 103.849796103257}"
197,NEA Producer Responsibility Scheme - ALBA E-waste Recycling Programme,"['ICT equipment', ' Batteries and Lamps']",560730,730 ANG MO KIO AVE 6,"{'lat': 1.37343368369214, 'lng': 103.845765158161}"
198,NEA Producer Responsibility Scheme - ALBA E-waste Recycling Programme,"['ICT equipment', ' Batteries and Lamps']",556083,"23 SERANGOON CENTRAL, NEX MALL, #02-49/50","{'lat': 1.3504381717743201, 'lng': 103.87170454945}"
199,NEA Producer Responsibility Scheme - ALBA E-waste Recycling Programme,"['ICT equipment', ' Batteries and Lamps']",528766,"50 TAMPINES NORTH DRIVE 2, COURTS MEGASTORE","{'lat': 1.37362335947781, 'lng': 103.933805897843}"
200,NEA Producer Responsibility Scheme - ALBA E-waste Recycling Programme,"['ICT equipment', ' Batteries and Lamps']",569933,"53 ANG MO KIO AVE 3, ANG MO KIO HUB, #B2-40","{'lat': 1.3692489128202001, 'lng': 103.848399227484}"
201,NEA Producer Responsibility Scheme - ALBA E-waste Recycling Programme,"['ICT equipment', ' Batteries and Lamps']",179105,"107 NORTH BRIDGE ROAD, FUNAN MALL, #03-19/20","{'lat': 1.2912440003346801, 'lng': 103.849984794935}"
202,NEA Producer Responsibility Scheme - ALBA E-waste Recycling Programme,"['ICT equipment', ' Batteries and Lamps']",109841,"1 DEPOT CLOSE, HP ENTERPRISE","{'lat': 1.28243134568209, 'lng': 103.805032356604}"
203,NEA Producer Responsibility Scheme - ALBA E-waste Recycling Programme,"['ICT equipment', ' Batteries and Lamps']",307591,"101 THOMSON ROAD, UNITED SQUARE, #B1-56D/E","{'lat': 1.31733462987407, 'lng': 103.843463185977}"
204,NEA Producer Responsibility Scheme - ALBA E-waste Recycling Programme,"['ICT equipment', ' Batteries and Lamps']",750105,"105 CANBERRA ST, EAST BROOK @ CANBERRA, #02-05","{'lat': 1.44885564521184, 'lng': 103.832409180973}"
205,NEA Producer Responsibility Scheme - ALBA E-waste Recycling Programme,"['ICT equipment', ' Batteries and Lamps']",149732,365 COMMONWEALTH AVE,"{'lat': 1.29915022797049, 'lng': 103.80130510766}"
206,NEA Producer Responsibility Scheme - ALBA E-waste Recycling Programme,"['ICT equipment', ' Batteries and Lamps']",159049,400 LENGKOK BAHRU,"{'lat': 1.28978711891653, 'lng': 103.81444834816}"
207,NEA Producer Responsibility Scheme - ALBA E-waste Recycling Programme,"['ICT equipment', ' Batteries and Lamps']",648886,"1 JURONG WEST CENTRAL, JURONG POINT, #02-05","{'lat': 1.3398301525794, 'lng': 103.70646088413}"
208,NEA Producer Responsibility Scheme - ALBA E-waste Recycling Programme,"['ICT equipment', ' Batteries and Lamps']",538766,"90 HOUGANG AVENUE 10, HOUGANG MALL, #04-15","{'lat': 1.37231185642959, 'lng': 103.89366161203}"
209,NEA Producer Responsibility Scheme - ALBA E-waste Recycling Programme,"['ICT equipment', ' Batteries and Lamps']",648886,"1 JURONG WEST CENTRAL 2, JURONG POINT, #03-37","{'lat': 1.3398301525794, 'lng': 103.70646088413}"
210,NEA Producer Responsibility Scheme - ALBA E-waste Recycling Programme,"['ICT equipment', ' Batteries and Lamps']",797653,"33 SENGKANG WEST AVE, SELETAR MALL, #03-25","{'lat': 1.39139305815613, 'lng': 103.876067657689}"
211,NEA Producer Responsibility Scheme - ALBA E-waste Recycling Programme,"['ICT equipment', ' Batteries and Lamps']",238843,"176 ORCHARD ROAD, THE CENTREPOINT, #03-31","{'lat': 1.30197836640112, 'lng': 103.839759027803}"
212,NEA Producer Responsibility Scheme - ALBA E-waste Recycling Programme,"['ICT equipment', ' Batteries and Lamps']",556083,"23 SERANGOON CENTRAL, NEX MALL, #03-33/34","{'lat': 1.3504381717743201, 'lng': 103.87170454945}"
213,NEA Producer Responsibility Scheme - ALBA E-waste Recycling Programme,"['ICT equipment', ' Batteries and Lamps']",239733,"31B EXETER ROAD, COMCENTRE","{'lat': 1.29897549945424, 'lng': 103.83840640501}"
214,NEA Producer Responsibility Scheme - ALBA E-waste Recycling Programme,"['ICT equipment', ' Batteries and Lamps']",677743,"1 JELEBU ROAD, BUKIT PANJANG PLAZA, #04-03","{'lat': 1.38051732815914, 'lng': 103.763961852618}"
215,NEA Producer Responsibility Scheme - ALBA E-waste Recycling Programme,"['ICT equipment', ' Batteries and Lamps']",108943,"450 TELOK BLANGAH STREET 31, TELOK BLANGAH CC","{'lat': 1.27486265663736, 'lng': 103.807875435609}"
216,NEA Producer Responsibility Scheme - ALBA E-waste Recycling Programme,"['ICT equipment', ' Batteries and Lamps']",117541,"27 SCIENCE DRIVE 1, KENT RIDGE CAMPUS, OUTSIDE LT27 AND LT29 STUDENT SPACE, LEVEL 1","{'lat': 1.29546718054057, 'lng': 103.779773956451}"
217,NEA Producer Responsibility Scheme - ALBA E-waste Recycling Programme,"['ICT equipment', ' Batteries and Lamps']",119275,"12 KENT RIDGE CRES, KENT RIDGE CAMPUS, CENTRAL LIBRARY FORUM SPACE, LEVEL 1","{'lat': 1.29672886339029, 'lng': 103.773151759339}"
218,NEA Producer Responsibility Scheme - ALBA E-waste Recycling Programme,"['ICT equipment', ' Batteries and Lamps']",138607,"2 COLLEGE AVE WEST, UTOWN - STEPHEN RIADY CENTRE, LEVEL 1 IN FRONT OF WAACOW RESTAURANT","{'lat': 1.30477687700985, 'lng': 103.772396246249}"
219,NEA Producer Responsibility Scheme - ALBA E-waste Recycling Programme,"['ICT equipment', ' Batteries and Lamps']",327737,300 WHAMPOA DRIVE,"{'lat': 1.32463959408329, 'lng': 103.856979169641}"
220,NEA Producer Responsibility Scheme - ALBA E-waste Recycling Programme,"['ICT equipment', ' Batteries and Lamps']",358361,6 POTONG PASIR AVENUE 2,"{'lat': 1.3325359115428501, 'lng': 103.86703683934}"
221,NEA Producer Responsibility Scheme - ALBA E-waste Recycling Programme,"['ICT equipment', ' Batteries and Lamps']",469662,"11 BEDOK NORTH STREET 1, MAIN ATRIUM","{'lat': 1.32698498848449, 'lng': 103.931620621577}"
222,NEA Producer Responsibility Scheme - ALBA E-waste Recycling Programme,"['ICT equipment', ' Batteries and Lamps']",528523,1 TAMPINES WALK,"{'lat': 1.3534961547181301, 'lng': 103.939683594446}"
223,NEA Producer Responsibility Scheme - ALBA E-waste Recycling Programme,"['ICT equipment', ' Batteries and Lamps']",609916,25 INTERNATIONAL BUSINESS PARK,"{'lat': 1.3251995071956801, 'lng': 103.746377198218}"
224,NEA Producer Responsibility Scheme - ALBA E-waste Recycling Programme,"['ICT equipment', ' Batteries and Lamps']",18982,12 MARINA BOULEVARD,"{'lat': 1.27910566824918, 'lng': 103.854297426525}"
225,NEA Producer Responsibility Scheme - ALBA E-waste Recycling Programme,"['ICT equipment', ' Batteries and Lamps']",18984,"8A MARINA BOULEVARD, #B2-10","{'lat': 1.28023825346251, 'lng': 103.853369669154}"
226,NEA Producer Responsibility Scheme - ALBA E-waste Recycling Programme,"['ICT equipment', ' Batteries and Lamps']",48423,18 CROSS STREET,"{'lat': 1.28351521183249, 'lng': 103.846878912631}"
227,NEA Producer Responsibility Scheme - ALBA E-waste Recycling Programme,"['ICT equipment', ' Batteries and Lamps']",48583,"1 RAFFLES QUAY, #B2","{'lat': 1.28089477091411, 'lng': 103.851677108516}"
228,NEA Producer Responsibility Scheme - ALBA E-waste Recycling Programme,"['ICT equipment', ' Batteries and Lamps']",608549,"50 JURONG GATEWAY ROAD, JEM, #04-01","{'lat': 1.33320021038331, 'lng': 103.743170436292}"
229,NEA Producer Responsibility Scheme - ALBA E-waste Recycling Programme,['Batteries and Lamps'],735785,"BLK 785E WOODLANDS RISE, #01-01","{'lat': 1.4467988781304801, 'lng': 103.805489778956}"
230,NEA Producer Responsibility Scheme - ALBA E-waste Recycling Programme,"['ICT equipment', ' Batteries and Lamps']",730876,"876 WOODLANDS STREET 83, WOODLANDS ZONE 3 RN","{'lat': 1.44479629224386, 'lng': 103.790602762447}"
231,NEA Producer Responsibility Scheme - ALBA E-waste Recycling Programme,"['ICT equipment', ' Batteries and Lamps']",738526,"1 WOODLANDS STREET 81, WOODLANDS CC","{'lat': 1.43973033862036, 'lng': 103.788235404817}"
232,NEA Producer Responsibility Scheme - ALBA E-waste Recycling Programme,"['ICT equipment', ' Batteries and Lamps']",738581,"1 WOODLANDS STREET 31, FUCHUN CC","{'lat': 1.42952981919595, 'lng': 103.774811855067}"
233,NEA Producer Responsibility Scheme - ALBA E-waste Recycling Programme,"['ICT equipment', ' Batteries and Lamps']",738991,"31 WOODLANDS AVENUE 6, WOODLANDS GALAXY CC","{'lat': 1.43904160690114, 'lng': 103.802610984283}"
234,NEA Producer Responsibility Scheme - ALBA E-waste Recycling Programme,"['ICT equipment', ' Batteries and Lamps']",739069,"120 WOODLANDS AVENUE 1, ACE THE PLACE CC","{'lat': 1.42749277602918, 'lng': 103.792240772323}"
235,NEA Producer Responsibility Scheme - ALBA E-waste Recycling Programme,"['ICT equipment', ' Batteries and Lamps']",768019,"1 NORTHPOINT DRIVE NEE SOON CENTRAL COMMUNITY CLUB, NEE SOON CENTRAL CC","{'lat': 1.42803584532257, 'lng': 103.836092102185}"
236,NEA Producer Responsibility Scheme - ALBA E-waste Recycling Programme,"['ICT equipment', ' Batteries and Lamps']",768455,"30 YISHUN STREET 81, NEE SOON SOUTH CC","{'lat': 1.4151749664221, 'lng': 103.834693130803}"
237,NEA Producer Responsibility Scheme - ALBA E-waste Recycling Programme,"['ICT equipment', ' Batteries and Lamps']",768893,"1 YISHUN AVENUE 9, NEE SOON EAST CC","{'lat': 1.43102087212489, 'lng': 103.838488083545}"
238,NEA Producer Responsibility Scheme - ALBA E-waste Recycling Programme,"['ICT equipment', ' Batteries and Lamps']",449282,"278 MARINE PARADE ROAD, MARINE PARADE CC","{'lat': 1.30482859822658, 'lng': 103.9095452826}"
239,NEA Producer Responsibility Scheme - ALBA E-waste Recycling Programme,"['ICT equipment', ' Batteries and Lamps']",486047,"10 SIMEI AVE, ITE COLLEGE EAST, #B1-14","{'lat': 1.33455404275229, 'lng': 103.954985037641}"
240,NEA Producer Responsibility Scheme - ALBA E-waste Recycling Programme,"['ICT equipment', ' Batteries and Lamps']",529757,"21 TAMPINES AVENUE 1, TEMASEK POLYTECHHIC","{'lat': 1.34793947802841, 'lng': 103.928839989349}"
241,NEA Producer Responsibility Scheme - ALBA E-waste Recycling Programme,"['ICT equipment', ' Batteries and Lamps']",38983,"3 TEMASEK BOULEVARD, SUNTEC CITY MALL, #01-634","{'lat': 1.29487904117328, 'lng': 103.857675497949}"
242,NEA Producer Responsibility Scheme - ALBA E-waste Recycling Programme,"['ICT equipment', ' Batteries and Lamps']",469002,"750B CHAI CHEE ROAD #01-01 TO 06, TO 12, #02-02 TO 06 BUSINESS PARK, #01-09","{'lat': 1.32315929186444, 'lng': 103.920979982361}"
243,NEA Producer Responsibility Scheme - ALBA E-waste Recycling Programme,"['ICT equipment', ' Batteries and Lamps']",79903,"10 ANSON ROAD, INTERNATIONAL PLAZA, #36-05","{'lat': 1.27573568080889, 'lng': 103.845703220386}"
244,NEA Producer Responsibility Scheme - ALBA E-waste Recycling Programme,"['ICT equipment', ' Batteries and Lamps']",138683,"10 DOVER DRIVE, SIT @ DOVER","{'lat': 1.3010087280189, 'lng': 103.780125253594}"
245,NEA Producer Responsibility Scheme - ALBA E-waste Recycling Programme,"['ICT equipment', ' Batteries and Lamps']",188504,"1 ROCHOR CANAL RD, SIM LIM SQUARE","{'lat': 1.30302298258031, 'lng': 103.852875624824}"
246,NEA Producer Responsibility Scheme - ALBA E-waste Recycling Programme,"['ICT equipment', ' Batteries and Lamps']",229233,"2 HANDY RD, THE CATHAY","{'lat': 1.29918373003642, 'lng': 103.847789789234}"
247,NEA Producer Responsibility Scheme - ALBA E-waste Recycling Programme,"['ICT equipment', ' Batteries and Lamps']",567720,2 ANG MO KIO DRIVE,"{'lat': 1.37789203173292, 'lng': 103.856411986641}"
248,NEA Producer Responsibility Scheme - ALBA E-waste Recycling Programme,['Batteries and Lamps'],278628,"293 HOLLAND ROAD, JELITA SHOPPING CENTRE, #01-01","{'lat': 1.31756196654772, 'lng': 103.785840623813}"
249,NEA Producer Responsibility Scheme - ALBA E-waste Recycling Programme,['Batteries and Lamps'],307591,"101 THOMSON ROAD, UNITED SQUARE, #B1-29","{'lat': 1.31733462987407, 'lng': 103.843463185977}"
250,NEA Producer Responsibility Scheme - ALBA E-waste Recycling Programme,['Batteries and Lamps'],188021,"230 VICTORIA STREET, BUGIS JUNCTION, #B1-17","{'lat': 1.299112870967, 'lng': 103.855411182582}"
251,NEA Producer Responsibility Scheme - ALBA E-waste Recycling Programme,['Batteries and Lamps'],268802,"1 FIFTH AVENUE, GUTHRIE HOUSE, #01-05","{'lat': 1.33081740087425, 'lng': 103.795692355521}"
252,NEA Producer Responsibility Scheme - ALBA E-waste Recycling Programme,['Batteries and Lamps'],179103,"1 STAMFORD ROAD, RAFFLES CITY SHOPPING CENTRE, #B1-01","{'lat': 1.29376027875418, 'lng': 103.852768332387}"
253,NEA Producer Responsibility Scheme - ALBA E-waste Recycling Programme,['Batteries and Lamps'],259760,"501 BUKIT TIMAH ROAD, CLUNY COURT, #01-02","{'lat': 1.3225731696079501, 'lng': 103.814245550689}"
254,NEA Producer Responsibility Scheme - ALBA E-waste Recycling Programme,['Batteries and Lamps'],127371,"154 WEST COAST ROAD, WEST COAST PLAZA, #B1-19","{'lat': 1.30358268148237, 'lng': 103.765284520206}"
255,NEA Producer Responsibility Scheme - ALBA E-waste Recycling Programme,['Batteries and Lamps'],237994,"1 KIM SENG PROMENADE, GREAT WORLD CITY, #B1-18","{'lat': 1.29380234644511, 'lng': 103.83175791999}"
256,NEA Producer Responsibility Scheme - ALBA E-waste Recycling Programme,['Batteries and Lamps'],138617,"1 VISTA EXCHANGE GREEN, THE STAR VISTA, #B1-02","{'lat': 1.3068488176344, 'lng': 103.788214531337}"
257,NEA Producer Responsibility Scheme - ALBA E-waste Recycling Programme,['Batteries and Lamps'],667979,"4 HILLVIEW RISE, HILLVIEW MARKET PLACE, #02-07","{'lat': 1.3626745061791201, 'lng': 103.764172923137}"
258,NEA Producer Responsibility Scheme - ALBA E-waste Recycling Programme,['Batteries and Lamps'],339511,"12  KALLANG AVE, APERIA, #01-47","{'lat': 1.30974241289377, 'lng': 103.864101648717}"
259,NEA Producer Responsibility Scheme - ALBA E-waste Recycling Programme,['Batteries and Lamps'],545078,"1 SENGKANG SQUARE, COMPASS ONE, #B1-25","{'lat': 1.39209415018227, 'lng': 103.894980032554}"
260,NEA Producer Responsibility Scheme - ALBA E-waste Recycling Programme,['Batteries and Lamps'],138632,"1 FUSIONOPOLIS WAY, ONE NORTH, #B2-03","{'lat': 1.29929405573076, 'lng': 103.787404060926}"
261,NEA Producer Responsibility Scheme - ALBA E-waste Recycling Programme,"['ICT equipment', ' Batteries and Lamps']",769098,"930 YISHUN AVENUE 2, NORTHPOINT CITY, SOUTH WING, #B1-136/138","{'lat': 1.42969847969486, 'lng': 103.835776496688}"
262,NEA Producer Responsibility Scheme - ALBA E-waste Recycling Programme,"['ICT equipment', ' Batteries and Lamps']",98585,"1 HARBOURFRONT WALK, VIVOCITY, #2-07","{'lat': 1.2638958023183, 'lng': 103.821589254908}"
263,NEA Producer Responsibility Scheme - ALBA E-waste Recycling Programme,"['ICT equipment', ' Batteries and Lamps']",98585,"1 HARBOURFRONT WALK, VIVOCITY, #B2-23","{'lat': 1.2638958023183, 'lng': 103.821589254908}"
264,NEA Producer Responsibility Scheme - ALBA E-waste Recycling Programme,"['ICT equipment', ' Batteries and Lamps']",129588,"3155 COMMONWEALTH AVENUE WEST, THE CLEMENTI MALL, #04-46/47/48/49","{'lat': 1.31485321802259, 'lng': 103.764248205662}"
265,NEA Producer Responsibility Scheme - ALBA E-waste Recycling Programme,"['ICT equipment', ' Batteries and Lamps']",738964,"9 WOODLANDS AVENUE 9, REPUBLIC POLYTECHNIC","{'lat': 1.44627224974557, 'lng': 103.783228728956}"
266,NEA Producer Responsibility Scheme - ALBA E-waste Recycling Programme,"['ICT equipment', ' Batteries and Lamps']",768698,"598 YISHUN RING RD, WISTERIA MALL","{'lat': 1.41799925556566, 'lng': 103.841236459776}"
267,NEA Producer Responsibility Scheme - ALBA E-waste Recycling Programme,"['ICT equipment', ' Batteries and Lamps']",820681,"681 PUNGGOL DRIVE, OASIS TERRACES","{'lat': 1.4028784531949299, 'lng': 103.913195748836}"
268,NEA Producer Responsibility Scheme - ALBA E-waste Recycling Programme,"['Manned collection; E-waste accepted: ICT equipment', ' Batteries and Lamps']",179105,"107 NORTH BRIDGE ROAD, FUNAN, #03-01","{'lat': 1.2912440003346801, 'lng': 103.849984794935}"
269,NEA Producer Responsibility Scheme - ALBA E-waste Recycling Programme,"['Manned collection; E-waste accepted: ICT equipment', ' Batteries and Lamps']",238853,"228 ORCHARD ROAD, COURTS ORCHARD","{'lat': 1.3018548765212299, 'lng': 103.83848662393}"
270,NEA Producer Responsibility Scheme - ALBA E-waste Recycling Programme,"['Manned collection; E-waste accepted: ICT equipment', ' Batteries and Lamps']",588181,"205 UPPER BUKIT TIMAH ROAD, SIM LIAN BUILDING","{'lat': 1.34449154991689, 'lng': 103.774321072771}"
271,NEA Producer Responsibility Scheme - ALBA E-waste Recycling Programme,"['Manned collection; E-waste accepted: ICT equipment', ' Batteries and Lamps']",120451,"451 CLEMENTI AVE 3, COURTS CLEMENTI, #01-309","{'lat': 1.3124810823684299, 'lng': 103.765476504358}"
272,NEA Producer Responsibility Scheme - ALBA E-waste Recycling Programme,"['Manned collection; E-waste accepted: ICT equipment', ' Batteries and Lamps']",689812,"21 CHOA CHU KANG AVE 4, LOT ONE, #03-01","{'lat': 1.3850683566756299, 'lng': 103.744950384161}"
273,NEA Producer Responsibility Scheme - ALBA E-waste Recycling Programme,['Manned collection; E-waste accepted: ICT equipment and Batteries'],18972,"2 BAYFRONT AVENUE, MBS, B2-06","{'lat': 1.28332249304312, 'lng': 103.857629113441}"
274,NEA Producer Responsibility Scheme - ALBA E-waste Recycling Programme,['Manned collection; E-waste accepted: ICT equipment and Batteries'],238857,"270 ORCHARD ROAD, APPLE ORCHARD","{'lat': 1.30310525131104, 'lng': 103.836202012782}"
275,NEA Producer Responsibility Scheme - ALBA E-waste Recycling Programme,['Manned collection; E-waste accepted: ICT equipment and Batteries'],819666,"78 AIRPORT BOULEVARD, JEWEL, #02-234","{'lat': 1.36034099671656, 'lng': 103.989077555194}"
276,NEA Producer Responsibility Scheme - ALBA E-waste Recycling Programme,"['ICT equipment', ' Batteries and Lamps']",680146,146 TECK WHYE LANE,"{'lat': 1.3811166761303, 'lng': 103.752527098063}"
277,NEA Producer Responsibility Scheme - ALBA E-waste Recycling Programme,"['ICT equipment', ' Batteries and Lamps']",48621,"24 RAFFLES PLACE, CLIFFORD CENTRE","{'lat': 1.28385698132703, 'lng': 103.852128172968}"
278,NEA Producer Responsibility Scheme - ALBA E-waste Recycling Programme,"['ICT equipment', ' Batteries and Lamps']",730611,"611 WOODLANDS RING ROAD, WOODLANDS ZONE 7 RN","{'lat': 1.43542608539826, 'lng': 103.796998851606}"
279,NEA Producer Responsibility Scheme - ALBA E-waste Recycling Programme,"['ICT equipment', ' Batteries and Lamps']",730638,"638 WOODLANDS RING ROAD, WOODLANDS ZONE 8 RN","{'lat': 1.43671737846592, 'lng': 103.803192516442}"
280,NEA Producer Responsibility Scheme - ALBA E-waste Recycling Programme,"['ICT equipment', ' Batteries and Lamps']",730656,"656 WOODLANDS RING ROAD, WOODLANDS ZONE 9 RN","{'lat': 1.43698595559977, 'lng': 103.799117869578}"
281,NEA Producer Responsibility Scheme - ALBA E-waste Recycling Programme,"['ICT equipment', ' Batteries and Lamps']",730846,"846 WOODLANDS AVENUE 4, WOODLANDS ZONE 2 RN","{'lat': 1.44330259673776, 'lng': 103.793474578196}"
282,NEA Producer Responsibility Scheme - ALBA E-waste Recycling Programme,"['ICT equipment', ' Batteries and Lamps']",730862,"862 WOODLANDS STREET 83, WOODLANDS ZONE 4 RN, #01-184","{'lat': 1.43995507442934, 'lng': 103.795048911761}"
283,NEA Producer Responsibility Scheme - ALBA E-waste Recycling Programme,"['ICT equipment', ' Batteries and Lamps']",168732,"302 TIONG BAHRU ROAD, TIONG BAHRU PLAZA, #3-19","{'lat': 1.28646345318688, 'lng': 103.826935084287}"
284,NEA Producer Responsibility Scheme - ALBA E-waste Recycling Programme,"['ICT equipment', ' Batteries and Lamps']",238839,"68 ORCHARD ROAD, PLAZA SINGAPURA, #3-39","{'lat': 1.30074770847155, 'lng': 103.845047580881}"
285,NEA Producer Responsibility Scheme - ALBA E-waste Recycling Programme,"['ICT equipment', ' Batteries and Lamps']",238839,"68 ORCHARD ROAD, PLAZA SINGAPURA, #1-36","{'lat': 1.30074770847155, 'lng': 103.845047580881}"
286,NEA Producer Responsibility Scheme - ALBA E-waste Recycling Programme,"['ICT equipment', ' Batteries and Lamps']",600135,135 JURONG GATEWAY ROAD,"{'lat': 1.3337534319903601, 'lng': 103.739371389964}"
287,NEA Producer Responsibility Scheme - ALBA E-waste Recycling Programme,"['ICT equipment', ' Batteries and Lamps']",609601,"2 JURONG EAST STREET 21, IMM, #3-33","{'lat': 1.3348984371747599, 'lng': 103.7467344968}"
288,NEA Producer Responsibility Scheme - ALBA E-waste Recycling Programme,"['ICT equipment', ' Batteries and Lamps']",648331,"63 JURONG WEST CENTRAL 3, JURONG POINT, #B1-92","{'lat': 1.33931503396417, 'lng': 103.705351000578}"
289,NEA Producer Responsibility Scheme - ALBA E-waste Recycling Programme,"['ICT equipment', ' Batteries and Lamps']",648331,"63 JURONG WEST CENTRAL 3, JURONG POINT, #03-01","{'lat': 1.33931503396417, 'lng': 103.705351000578}"
290,NEA Producer Responsibility Scheme - ALBA E-waste Recycling Programme,"['ICT equipment', ' Batteries and Lamps']",648886,"1 JURONG WEST CENTRAL 2, JURONG POINT, #B1-94","{'lat': 1.3398301525794, 'lng': 103.70646088413}"
291,NEA Producer Responsibility Scheme - ALBA E-waste Recycling Programme,"['ICT equipment', ' Batteries and Lamps']",39594,"6 RAFFLES BOULEVARD, MARINA SQUARE, #03 - 223 / 232","{'lat': 1.29145525906521, 'lng': 103.857007341008}"
292,NEA Producer Responsibility Scheme - ALBA E-waste Recycling Programme,"['ICT equipment', ' Batteries and Lamps']",179097,"109 NORTH BRIDGE ROAD, FUNAN, #3-16","{'lat': 1.29114627294634, 'lng': 103.849834212162}"
293,NEA Producer Responsibility Scheme - ALBA E-waste Recycling Programme,"['ICT equipment', ' Batteries and Lamps']",188021,"200 VICTORIA STREET, BUGIS JUNCTION, #3-10E","{'lat': 1.299112870967, 'lng': 103.855411182582}"
294,NEA Producer Responsibility Scheme - ALBA E-waste Recycling Programme,"['ICT equipment', ' Batteries and Lamps']",237994,"1 KIM SENG PROMENADE, GREAT WORLD CITY, #07-01","{'lat': 1.29380234644511, 'lng': 103.83175791999}"
295,NEA Producer Responsibility Scheme - ALBA E-waste Recycling Programme,"['ICT equipment', ' Batteries and Lamps']",449269,"80 MARINE PARADE ROAD, PARKWAY PARADE, #02-34","{'lat': 1.30119130748691, 'lng': 103.905113592255}"
296,NEA Producer Responsibility Scheme - ALBA E-waste Recycling Programme,"['ICT equipment', ' Batteries and Lamps']",409057,"10 PAYA LEBAR ROAD, PAYA LEBAR QUARTER(PLQ), #4-01","{'lat': 1.31752384126856, 'lng': 103.892724434212}"
297,NEA Producer Responsibility Scheme - ALBA E-waste Recycling Programme,"['ICT equipment', ' Batteries and Lamps']",449269,"80 MARINE PARADE RD, PARKWAY PARADE, #3-28","{'lat': 1.30119130748691, 'lng': 103.905113592255}"
298,NEA Producer Responsibility Scheme - ALBA E-waste Recycling Programme,"['ICT equipment', ' Batteries and Lamps']",520510,510 TAMPINES CENTRAL 1,"{'lat': 1.35480107846676, 'lng': 103.944458093925}"
299,NEA Producer Responsibility Scheme - ALBA E-waste Recycling Programme,"['ICT equipment', ' Batteries and Lamps']",529510,"4 TAMPINES CENTRAL 5, TAMPINES CENTRAL, #2-27","{'lat': 1.35267231590699, 'lng': 103.944387987324}"
300,NEA Producer Responsibility Scheme - ALBA E-waste Recycling Programme,"['ICT equipment', ' Batteries and Lamps']",529536,"10 TAMPINES CENTRAL 1, TAMPINES 1, #4-25","{'lat': 1.3543155598608099, 'lng': 103.945019461564}"
301,NEA Producer Responsibility Scheme - ALBA E-waste Recycling Programme,"['ICT equipment', ' Batteries and Lamps']",529536,"10 TAMPINES CENTRAL 1, TAMPINES 1, #B1-09","{'lat': 1.3543155598608099, 'lng': 103.945019461564}"
302,NEA Producer Responsibility Scheme - ALBA E-waste Recycling Programme,"['ICT equipment', ' Batteries and Lamps']",680475,475 CHOA CHU KANG AVENUE 3,"{'lat': 1.3780561421762, 'lng': 103.738931802142}"
303,NEA Producer Responsibility Scheme - ALBA E-waste Recycling Programme,"['ICT equipment', ' Batteries and Lamps']",689687,"2 CHOA CHU KANG LOOP, KEAT HONG CC","{'lat': 1.38406515926541, 'lng': 103.744923812722}"
304,NEA Producer Responsibility Scheme - ALBA E-waste Recycling Programme,"['ICT equipment', ' Batteries and Lamps']",208539,180 KITCHENER ROAD,"{'lat': 1.3113051647971399, 'lng': 103.856421771906}"
305,NEA Producer Responsibility Scheme - ALBA E-waste Recycling Programme,"['ICT equipment', ' Batteries and Lamps']",545078,1 SENGKANG SQUARE,"{'lat': 1.39209415018227, 'lng': 103.894980032554}"
306,NEA Producer Responsibility Scheme - ALBA E-waste Recycling Programme,['Batteries and Lamps'],730900,"900 SOUTH WOODLANDS DRIVE, WOODLANDS CIVIC CENTRE, #B1-01","{'lat': 1.43507788583776, 'lng': 103.786619621971}"
307,NEA Producer Responsibility Scheme - ALBA E-waste Recycling Programme,['Batteries and Lamps'],730888,"BLK 888 WOODLANDS DR 50, #01-757","{'lat': 1.43767919710846, 'lng': 103.795136736247}"
308,NEA Producer Responsibility Scheme - ALBA E-waste Recycling Programme,['Batteries and Lamps'],730676,"BLK 676 WOODLANDS DR 71, KAMPUND ADMIRALTY, #B1-02","{'lat': 1.43977701137209, 'lng': 103.800573465174}"
309,NEA Producer Responsibility Scheme - ALBA E-waste Recycling Programme,['Batteries and Lamps'],739044,"71 WOODLANDS AVE 3, MARSLING MRT, #01-01","{'lat': 1.43262603029887, 'lng': 103.774051203192}"
310,NEA Producer Responsibility Scheme - ALBA E-waste Recycling Programme,['Batteries and Lamps'],560712,"BLK 712 ANG MO KIO AVE 6, BLK 712 ANG MO KIO, #01-4056","{'lat': 1.37140920643065, 'lng': 103.847082884002}"
311,NEA Producer Responsibility Scheme - ALBA E-waste Recycling Programme,['Batteries and Lamps'],570510,"BLK 510 BISHAN ST 13, #01-520","{'lat': 1.34888843913816, 'lng': 103.849691988212}"
312,NEA Producer Responsibility Scheme - ALBA E-waste Recycling Programme,"['ICT equipment', ' Batteries and Lamps']",520880,"880 TAMPINES AVENUE 8, TAMPINES SPRING RN","{'lat': 1.35132607390816, 'lng': 103.931478811435}"
313,NEA Producer Responsibility Scheme - ALBA E-waste Recycling Programme,"['ICT equipment', ' Batteries and Lamps']",521124,"124 TAMPINES STREET 11, TAMPINES CHANGKAT ZONE 5 RC","{'lat': 1.34518427892421, 'lng': 103.949793334969}"
314,NEA Producer Responsibility Scheme - ALBA E-waste Recycling Programme,"['ICT equipment', ' Batteries and Lamps']",569830,"ANG MO KIO AVENUE 8, NANYANG POLYTECHNIC, BLOCK E (NORTH CANTEEN)","{'lat': 1.38034090667762, 'lng': 103.848083335838}"
315,NEA Producer Responsibility Scheme - ALBA E-waste Recycling Programme,"['ICT equipment', ' Batteries and Lamps']",574408,"301 UPPER THOMSON ROAD, THOMSON PLAZA","{'lat': 1.3546690188205, 'lng': 103.83091978573}"
316,NEA Producer Responsibility Scheme - ALBA E-waste Recycling Programme,"['ICT equipment', ' Batteries and Lamps']",599489,"535 CLEMENTI ROAD, NGEE ANN POLYCLINIC, BLK 22","{'lat': 1.3327625965271, 'lng': 103.771562462036}"
317,NEA Producer Responsibility Scheme - ALBA E-waste Recycling Programme,"['ICT equipment', ' Batteries and Lamps']",259569,"1 CLUNY ROAD, NATIONAL PARKS BOARD HQ, SINGAPORE BOTANIC GARDENS","{'lat': 1.31347941588508, 'lng': 103.813180045951}"
318,NEA Producer Responsibility Scheme - ALBA E-waste Recycling Programme,['Batteries and Lamps'],649486,"7 JURONG WEST AVE 5, #01-01","{'lat': 1.34878489184957, 'lng': 103.703415660179}"
319,NEA Producer Responsibility Scheme - ALBA E-waste Recycling Programme,['Batteries and Lamps'],757177,"200 WOODLANDS INDUSTRIAL PARK E7, #01-30","{'lat': 1.45074972447127, 'lng': 103.796846522878}"
320,NEA Producer Responsibility Scheme - ALBA E-waste Recycling Programme,['Batteries and Lamps'],141088,"BLK 88 TANGLIN HALT ROAD, #01-10","{'lat': 1.30203801734289, 'lng': 103.798021748872}"
321,NEA Producer Responsibility Scheme - ALBA E-waste Recycling Programme,['Batteries and Lamps'],554913,"19 SERANGOON NORTH AVE 5, #01-01","{'lat': 1.3756349962255299, 'lng': 103.871996421774}"
322,NEA Producer Responsibility Scheme - ALBA E-waste Recycling Programme,['Batteries and Lamps'],618642,"3 YUAN CHING RD, #01-01A/02","{'lat': 1.32546807053288, 'lng': 103.725221540647}"
323,NEA Producer Responsibility Scheme - ALBA E-waste Recycling Programme,['Batteries and Lamps'],730301,"BLK 301 WOODLANDS ST 31, #01-217","{'lat': 1.43150526507051, 'lng': 103.773515660456}"
324,NEA Producer Responsibility Scheme - ALBA E-waste Recycling Programme,['Batteries and Lamps'],600061,"BLK 61 TEBAN GARDENS RD, #01-21","{'lat': 1.32213635836523, 'lng': 103.738292805557}"
325,NEA Producer Responsibility Scheme - ALBA E-waste Recycling Programme,['Batteries and Lamps'],160052,"BLK 52 CHIN SWEE RD, #01-25","{'lat': 1.28708277772418, 'lng': 103.841580116173}"
326,NEA Producer Responsibility Scheme - ALBA E-waste Recycling Programme,"['ICT equipment', ' Batteries and Lamps']",228231,40 SCOTTS ROAD,"{'lat': 1.31056745258169, 'lng': 103.83610405607}"
327,NEA Producer Responsibility Scheme - ALBA E-waste Recycling Programme,"['ICT equipment', ' Batteries and Lamps']",479220,180 BEDOK RESERVOIR ROAD,"{'lat': 1.33255277788544, 'lng': 103.91514355252}"
328,NEA Producer Responsibility Scheme - ALBA E-waste Recycling Programme,"['ICT equipment', ' Batteries and Lamps']",529204,2 TAMPINES STREET 41,"{'lat': 1.3573647877597401, 'lng': 103.946602685067}"
329,NEA Producer Responsibility Scheme - ALBA E-waste Recycling Programme,"['ICT equipment', ' Batteries and Lamps']",529453,13 TAMPINES STREET 11,"{'lat': 1.3458133461735, 'lng': 103.947687834643}"
330,NEA Producer Responsibility Scheme - ALBA E-waste Recycling Programme,"['ICT equipment', ' Batteries and Lamps']",530207,207 HOUGANG STREET 21,"{'lat': 1.35779860505296, 'lng': 103.886092082636}"
331,NEA Producer Responsibility Scheme - ALBA E-waste Recycling Programme,"['ICT equipment', ' Batteries and Lamps']",238873,"391A ORCHARD ROAD, NGEE ANN CITY TOWER A","{'lat': 1.30242416552881, 'lng': 103.834676129269}"
332,NEA Producer Responsibility Scheme - ALBA E-waste Recycling Programme,['Batteries and Lamps'],670628,"BLK 628 SENJA RD, SENJA GRAND, #01-01","{'lat': 1.3850960228067901, 'lng': 103.760218442452}"
333,NEA Producer Responsibility Scheme - ALBA E-waste Recycling Programme,['Batteries and Lamps'],680140,"BLK 140 TECK WHYE LANE, #01-351","{'lat': 1.38003057945933, 'lng': 103.753118413925}"
334,NEA Producer Responsibility Scheme - ALBA E-waste Recycling Programme,['Batteries and Lamps'],659958,"10 BUKIT BATOK CENTRAL, #01-08","{'lat': 1.34871080233675, 'lng': 103.749334517405}"
335,NEA Producer Responsibility Scheme - ALBA E-waste Recycling Programme,['Batteries and Lamps'],600345,"BLK 345 JURONG EAST ST 31, #01-29","{'lat': 1.3455120941510699, 'lng': 103.731219147651}"
336,NEA Producer Responsibility Scheme - ALBA E-waste Recycling Programme,['Batteries and Lamps'],579837,"9 BISHAN PLACE, JUNCTION 8 SHOPPING CENTRE, #B1-01","{'lat': 1.35017242685302, 'lng': 103.848430082687}"
337,NEA Producer Responsibility Scheme - ALBA E-waste Recycling Programme,['Batteries and Lamps'],677743,"NO. 1 JELEBU RD, BUKIT PANJANG PLAZA, #01-15 & #02-20","{'lat': 1.38051732815914, 'lng': 103.763961852618}"
338,NEA Producer Responsibility Scheme - ALBA E-waste Recycling Programme,['Batteries and Lamps'],689715,"61 CHOA CHU KANG DR, YEW TEE MRT STATION, #01-01","{'lat': 1.39712886014404, 'lng': 103.747329719197}"
339,NEA Producer Responsibility Scheme - ALBA E-waste Recycling Programme,['Batteries and Lamps'],129588,"3155 COMMONWEALTH AVENUE WEST, THE CLEMENTI MALL, #B1-12","{'lat': 1.31485321802259, 'lng': 103.764248205662}"
340,NEA Producer Responsibility Scheme - ALBA E-waste Recycling Programme,['Batteries and Lamps'],556679,"1 MAJU AVE, SERANGOON GARDEN VILLAGE, #B1-11","{'lat': 1.3651607077827501, 'lng': 103.865041855148}"
341,NEA Producer Responsibility Scheme - ALBA E-waste Recycling Programme,['Batteries and Lamps'],588996,"NO. 1 JLN ANAK BUKIT, BUKIT TIMAH PLAZA, #B1-01 & #B2-01","{'lat': 1.33865676913061, 'lng': 103.778560470199}"
342,NEA Producer Responsibility Scheme - ALBA E-waste Recycling Programme,['Batteries and Lamps'],574408,"301 UPPER THOMSON RD, THOMSON PLAZA, #03-37/38","{'lat': 1.3546690188205, 'lng': 103.83091978573}"
343,NEA Producer Responsibility Scheme - ALBA E-waste Recycling Programme,['Batteries and Lamps'],397693,"5 STADIUM WALK, KALLANG LIESURE PARK, #B1-01","{'lat': 1.30222177114752, 'lng': 103.876152670397}"
344,NEA Producer Responsibility Scheme - ALBA E-waste Recycling Programme,"['ICT equipment', ' Batteries and Lamps']",120720,"720  CLEMENTI WEST ST 2, #01-144","{'lat': 1.30246408379367, 'lng': 103.763750976116}"
345,NEA Producer Responsibility Scheme - ALBA E-waste Recycling Programme,"['ICT equipment', ' Batteries and Lamps']",650451,"451 BUKIT BATOK WEST AVENUE 6, #01-10","{'lat': 1.35303717544773, 'lng': 103.74394257144}"
346,NEA Producer Responsibility Scheme - ALBA E-waste Recycling Programme,"['ICT equipment', ' Batteries and Lamps']",380118,"118 ALJUNIED AVE 2, #01-100","{'lat': 1.32000040191606, 'lng': 103.887363067673}"
347,NEA Producer Responsibility Scheme - ALBA E-waste Recycling Programme,"['ICT equipment', ' Batteries and Lamps']",460209,"209 NEW UPPER CHANGI RD, #01-631","{'lat': 1.32463572606471, 'lng': 103.931068835678}"
348,NEA Producer Responsibility Scheme - ALBA E-waste Recycling Programme,"['ICT equipment', ' Batteries and Lamps']",555877,10 SERANGOON NORTH AVENUE 2,"{'lat': 1.37005486240283, 'lng': 103.873927617452}"
349,NEA Producer Responsibility Scheme - ALBA E-waste Recycling Programme,"['ICT equipment', ' Batteries and Lamps']",569163,50 ANG MO KIO STREET 61,"{'lat': 1.38151727157775, 'lng': 103.841428124035}"
350,NEA Producer Responsibility Scheme - ALBA E-waste Recycling Programme,"['ICT equipment', ' Batteries and Lamps']",569734,ANG MO KIO AVENUE 10,"{'lat': 1.36308867917974, 'lng': 103.853536076665}"
351,NEA Producer Responsibility Scheme - ALBA E-waste Recycling Programme,"['ICT equipment', ' Batteries and Lamps']",569897,ANG MO KIO AVENUE 4,"{'lat': 1.37300749906274, 'lng': 103.83761242449}"
352,NEA Producer Responsibility Scheme - ALBA E-waste Recycling Programme,"['ICT equipment', ' Batteries and Lamps']",569976,ANG MO KIO AVENUE 1,"{'lat': 1.36683348076669, 'lng': 103.840668130336}"
353,NEA Producer Responsibility Scheme - ALBA E-waste Recycling Programme,"['ICT equipment', ' Batteries and Lamps']",287994,"200 TURF CLUB ROAD DBS THE GRANDSTAND, THE GRANDSTAND (TURF CITY)","{'lat': 1.33899462699318, 'lng': 103.793133806944}"
354,NEA Producer Responsibility Scheme - ALBA E-waste Recycling Programme,"['ICT equipment', ' Batteries and Lamps']",329984,"AH HOOD ROAD, ZHONGSHAN MALL","{'lat': 1.32702990626384, 'lng': 103.846490874615}"
355,NEA Producer Responsibility Scheme - ALBA E-waste Recycling Programme,"['ICT equipment', ' Batteries and Lamps']",510565,"565 PASIR RIS ST 51, REPAIR KOPITIAM","{'lat': 1.36882713078143, 'lng': 103.950296247759}"
356,NEA Producer Responsibility Scheme - ALBA E-waste Recycling Programme,"['ICT equipment', ' Batteries and Lamps']",520285,"285 TAMPINES STREET 22, TAMPINES CHANGKAT ZONE 4 RC","{'lat': 1.35001073882934, 'lng': 103.952816065919}"
357,NEA Producer Responsibility Scheme - ALBA E-waste Recycling Programme,"['ICT equipment', ' Batteries and Lamps']",520364,"364 TAMPINES STREET 34, TAMPINES CHANGKAT ZONE 8 RC","{'lat': 1.35693800555856, 'lng': 103.959873499831}"
358,NEA Producer Responsibility Scheme - ALBA E-waste Recycling Programme,"['ICT equipment', ' Batteries and Lamps']",520430,"430 TAMPINES STREET 41, TAMPINES NORTH ZONE 3 RC","{'lat': 1.35955258017468, 'lng': 103.950148200773}"
359,NEA Producer Responsibility Scheme - ALBA E-waste Recycling Programme,"['ICT equipment', ' Batteries and Lamps']",520730,"730 TAMPINES STREET 71, TAMPINES COURTVIEW RC","{'lat': 1.35670605826191, 'lng': 103.933499184206}"
360,NEA Producer Responsibility Scheme - ALBA E-waste Recycling Programme,"['ICT equipment', ' Batteries and Lamps']",520736,"736 TAMPINES STREET 72, TAMPINES GREENVALE RC","{'lat': 1.35904159378304, 'lng': 103.934383364035}"
361,NEA Producer Responsibility Scheme - ALBA E-waste Recycling Programme,"['ICT equipment', ' Batteries and Lamps']",520842,"842 TAMPINES STREET 82, TAMPINES VILLE RN","{'lat': 1.35173850438617, 'lng': 103.935952394886}"
362,NEA Producer Responsibility Scheme - ALBA E-waste Recycling Programme,"['ICT equipment', ' Batteries and Lamps']",567720,"ANG MO KIO DRIVE, #A1-12","{'lat': 1.37789203173292, 'lng': 103.856411986641}"
363,NEA Producer Responsibility Scheme - ALBA E-waste Recycling Programme,"['ICT equipment', ' Batteries and Lamps']",100108,"108 DEPOT ROAD, DEPOT HEIGHTS SHOPPING CENTRE","{'lat': 1.28112226404962, 'lng': 103.810031318703}"
364,NEA Producer Responsibility Scheme - ALBA E-waste Recycling Programme,"['ICT equipment', ' Batteries and Lamps']",78884,"7 WALLICH STREET, GUOCO TOWER","{'lat': 1.27672492300406, 'lng': 103.845155402476}"
365,Project Homecoming - Ink and toner recycling,['Ink and toner cartridges'],658713,"1 BUKIT BATOK\xa0CENTRAL LINK, #3-01","{'lat': 1.35018915982967, 'lng': 103.749021980031}"
366,Project Homecoming - Ink and toner recycling,['Ink and toner cartridges'],677743,"1 JELEBU ROAD, #4-04 & 16/17","{'lat': 1.38051732815914, 'lng': 103.763961852618}"
367,Project Homecoming - Ink and toner recycling,['Ink and toner cartridges'],569842,4300 ANG MO KIO\xa0AVENUE 6,"{'lat': 1.37479009534678, 'lng': 103.845580700883}"
368,Project Homecoming - Ink and toner recycling,['Ink and toner cartridges'],469662,"11 BEDOK NORTH STREET 1, #2-03 & #3-04","{'lat': 1.32698498848449, 'lng': 103.931620621577}"
369,Project Homecoming - Ink and toner recycling,['Ink and toner cartridges'],579841,"5 BISHAN\xa0PLACE, #1-01","{'lat': 1.34985304885287, 'lng': 103.848843026999}"
370,Project Homecoming - Ink and toner recycling,['Ink and toner cartridges'],538766,"90 HOUGANG AVENUE, #3-11","{'lat': 1.37231185642959, 'lng': 103.89366161203}"
371,Project Homecoming - Ink and toner recycling,['Ink and toner cartridges'],689812,"21 CHOA CHU KANG AVE 4, #4-01/02","{'lat': 1.3850683566756299, 'lng': 103.744950384161}"
372,Project Homecoming - Ink and toner recycling,['Ink and toner cartridges'],129588,"3155 COMMONWEALTH AVENUE WEST, #5-13/14/15","{'lat': 1.31485321802259, 'lng': 103.764248205662}"
373,Project Homecoming - Ink and toner recycling,['Ink and toner cartridges'],389777,50 GEYLANG EAST\xa0AVE 1,"{'lat': 1.3174429839463, 'lng': 103.885837275913}"
374,Project Homecoming - Ink and toner recycling,['Ink and toner cartridges'],609732,21 JURONG EAST CENTRAL 1,"{'lat': 1.33288484168537, 'lng': 103.739490178697}"
375,Project Homecoming - Ink and toner recycling,['Ink and toner cartridges'],648346,"60 JURONG WEST CENTRAL 3, #1-03","{'lat': 1.34046956412475, 'lng': 103.704452685304}"
376,Project Homecoming - Ink and toner recycling,['Ink and toner cartridges'],449282,"278 MARINE PARADE\xa0ROAD, #1-02","{'lat': 1.30482859822658, 'lng': 103.9095452826}"
377,Project Homecoming - Ink and toner recycling,['Ink and toner cartridges'],188064,100 VICTORIA STREET,"{'lat': 1.297489753102, 'lng': 103.853942302347}"
378,Project Homecoming - Ink and toner recycling,['Ink and toner cartridges'],528523,"1 TAMPINES WALK, #2-01","{'lat': 1.3534961547181301, 'lng': 103.939683594446}"
379,Project Homecoming - Ink and toner recycling,['Ink and toner cartridges'],319191,6 TOA PAYOH CENTRAL,"{'lat': 1.3335207618437401, 'lng': 103.85049180316}"
380,Project Homecoming - Ink and toner recycling,['Ink and toner cartridges'],149297,53 MARGARET DRIVE,"{'lat': 1.29864021099395, 'lng': 103.805430802302}"
381,Project Homecoming - Ink and toner recycling,['Ink and toner cartridges'],730900,"900 SOUTH\xa0WOODLANDS\xa0DRIVE, #1-03","{'lat': 1.43507788583776, 'lng': 103.786619621971}"
382,Project Homecoming - Ink and toner recycling,['Ink and toner cartridges'],769098,"930 YISHUN AVE 2, #4-01","{'lat': 1.42969847969486, 'lng': 103.835776496688}"
383,Project Homecoming - Ink and toner recycling,['Ink and toner cartridges'],545078,"1 SENGKANG SQUARE & COMPASS ONE, #3-28 / #4-19","{'lat': 1.39209415018227, 'lng': 103.894980032554}"
384,Project Homecoming - Ink and toner recycling,['Ink and toner cartridges'],556083,"23 SERANGOON\xa0CENTRAL, #4-82/83","{'lat': 1.3504381717743201, 'lng': 103.87170454945}"
385,Project Homecoming - Ink and toner recycling,['Ink and toner cartridges'],757713,"30 SEMBAWANG DRIVE, #5-01","{'lat': 1.44822653184262, 'lng': 103.819462104528}"
386,Project Homecoming - Ink and toner recycling,['Ink and toner cartridges'],39802,"8 RAFFLES AVENUE, #3-01","{'lat': 1.2895095530213, 'lng': 103.855665762299}"
